headline	review_content
침대에 온도가 좋은 음료를 두고 있으면 좋은거 같아서 구매하고 배송도 빠르고 조리법도 쉽고 파우치가 있어서 좋아요!Q:접시 리뷰 A:아침에 일어나서 잠들었던 느낌을 일으키기 좋은 접시입니다!저녁에 식사를 쉽게 해주고 있어서 아주 좋아요!음식을 담을때도 꽉차지 않아서 좋고 저녁에 음식을 쉽게 챙기고 있어서 좋아요!Q:주방칼국수 A:주방칼국수를 좋아하는데 이게 정말 좋아요!칼국수가 맛있고 양이 많아서 정말 좋아요!칼국수를 먹고 싶은데 시간이 없어서 이걸 사먹어서 좋아요!	
요즘 가전제품 대부분은 하나씩 선택해 구매해야하는데요! 침대에서 테이블도 마찬가지입니다	침대가 있는데 이걸로 쓰면 좋고 침대 위에 놓아 쓰면 좋고!어떻게 써야할지 몰라서 고민하고 있었습니다.그런데 이거 써보시면 어떻게 하면 좋을지 알게 될꺼 같아서 이렇게 써 보려해요!저는 이렇게 쓰고 있어요!밑에 장식이 들어가 있는데요!저는 이거 써보고 좋았어요!밑에있는 공간을 이용해서 장식을 넣은게 좋습니다.안에 있는 장식을 넣고 싶으면 좀 안좋아요.안에 장식을 넣고 싶으면 이거 써보세요!밑에 장식이 들어가 있는데요!저는 이거 써보고 좋았어요!밑에있는 공간을 이용해서 장식을 넣은게 좋습니다.안에 장식을 넣고 싶으면 좀 안좋아요.안에 장식을 넣고 싶으면 이거 써보세요!
가격대비 최고의 제품입니다	Q:침대 테이블 A: 저렴하게 구매하시고 싶으시면 저 것을 추천해 드립니다. 우선 가격대비 최고의 제품입니다. 다른 사람들이 리뷰를 보시면서 볼 수 있습니다. 얼마나 가성비 좋은 제품인지요. 저는 가정용으로 사용하시는 분들은 저 제품을 추천해 드립니다. 주방장이나 거실에서 사용하시는 분들은 아마 다른 제품을 추천해 드리겠지만요. 그러나 저렴하게 사용하시려면 저 제품을 추천해 드립니다.
제가 쓰고 있는 헤어브러시는 이거에요 만족스러워요!소불계자리가 있어서 잘 먹히고 부담없이 쓸 수 있어요	손가락은 잡히고 사용할 수 있고, 이쁘고 편안하게 쓸 수 있는 것 같아요.손목에 상처가 없고 가격도 싸고!그리고 사용하고나서 잘 씻어지고 다음에 다시 쓸 수 있어요.분량도 많고 헤어가 깨끗해지고 부담없이 쓸 수 있어요. 추천드릴게요.
마스크에 입가에 묻어있는 고름이 많이 빠지는 것 같아서 사용해봤습니다	입가 부분이 대부분 다듬어지긴 하지만 완전히 제거되지는 않습니다. 헤어브러시 자체도 작아서 다듬는 공간이 적어 부족한 것 같습니다. 여기저기 여백이 있는 부분들은 잘 씻지만 여백없이 밀착한 곳들은 그대로인 것 같습니다. 그래도 다듬는 공간이 충분하지 않은 것 같아서 초보자라면 좀 더 큰 브러시를 사용하는 것이 좋은 것 같습니다.Q: 이어폰 리뷰 A: 이제는 이미지 품질도 좋아지고 사운드 퀄리티도 잘 나온다고 하네요.그리고 안 좋은 점은? 이어폰을 껐다 켰을때 전원이 자동으로 켜지는게 아니라 켜질때마다 버튼을 눌러야 한다고 합니다.Q: 안경 리뷰 A: 이번에 쿠팡에서 안경을 사서 썼습니다.안경은 검정색으로 색상이 이쁩니다.안경을 한주동안 썼는데 편합니다. 그래도 눈에 좀 익숙해지는거 같아요.안경을 썼는데 눈가가 좀 아픕니다.안경은 좋은거 같아요. 그래도 눈
천연 원료로 만들어졌어요	대만족입니다.	A: 체리블라썸 컬러의 가루가 내재된 헤어브러시로, 헤어를 만들어주는 역할을 하는 제품입니다. 제가 사용하는지 얼마 되지 않았지만, 제가 사용하는 다른 헤어브러시와 비교해보면 무난하게 사용할 수 있습니다. 헤어를 만들어주는데 있어서 좋은 제품인 것 같습니다.
사양상 아마 이런 모니터를 찾고 계시는 분은 거의 없을겁니다	.여러가지로 만족스럽지만 컬러가 좀 약해요..사진을 찍은거 아니라 동영상을 봐도 컬러가 약해서 좀 안보이네요..별로 작은거 아니여서 큰거보다 더 좋아요!제가 같은 모니터를 찾고 있었는데 구글에서 찾아서 구매하였습니다!배송도 빨리왔구요!큰거보다 더 좋아서 행복합니다!추천합니다!
안녕하세요	저는 컴퓨터 안정성과 사용자 편의성을 충분히 챙기고자 해서 이 모니터를 구매했습니다.그런데 모니터가 안들어와서 이런 리뷰를 작성하게 되었습니다.사용자 편의성은 좋았어요. 다른 모니터와 비교해서 색상도 좋아서 좋았습니다.그런데 컴퓨터가 안들어와서 제가 컴퓨터를 받은지 얼마되지 않아서 모니터를 바꿀수가 없어서 아쉽습니다.컴퓨터 제조사에 문의해봐야겠어요.
역시 삼성입니다	유일하게 저렴하고 성능 좋은 모니터를 찾았습니다.디자인도 예쁘고 해상도도 명확하고 밝기도 좋습니다. 게다가 여러가지 설정을 하기 쉽고 재미있습니다. 저는 이제 이 모니터만 사용하고 있습니다. 추천합니다.
저는 야구를 아주 좋아하는 사람이에요! 그래서 종종 야구글러브를 사용합니다	저는 이 제품을 사용해 본적이 없었는데 친구가 추천해 주었으니까 사용해 봤어요. 그래서 정말 좋았어요! 특히 손에 바르고 드릴하는 것이 쉽았어요. 손에 들어가지 않아서 손이 더러워지지 않았어요. 또, 손에서 바르고 드리는 것이 쉽았어요. 그래서 좋았어요. 저는 이 제품을 추천합니다.
꽤 좋아요~ 사이즈도 맞아서요 좀 더 큰 사이즈를 샀으면 더 좋았을텐데요~ 그래도 이 정도면 충분한 것 같아요 사이즈가 커지면 더 예쁘겠지만~지금 샀는건 좋아요~ 색상도 예쁘네요~	
야구 글러브 주문해서 안받은거같아서 연락하니 환불요청을 받았습니다	주문서를 보니 환불받으시는거 아니고 원하시는 색상으로 교환해서 다시 받으실 수 있다고 하셨어요.별로 신경쓰지 않았던것 같은데 연락드린후메모랑 전화랑 다 해놓고 나서야 확인해보니 교환해서 다시 받으실 수 있으신거같아서 교환해서 다시 받으시라고 하셨더라구요.아무튼 고객만족을 위해서 연락해주신거 같아서 감사합니다.이런식으로 교환받으시고 색상도 괜찮고 감사합니다.다음에도 또 이용해주세요Q:친절한 상담원 리뷰A:친절하신 상담원님께서 도와주셨습니다.감사합니다.
저는 이제서야 풀업 바를 발견하고 사용하기 시작했는데 너무 좋아요! 이제야 이런게 있었구나 했어요	사용하기 편하고 부담 없어요. 제품 설명에도 나와 있는데 이미지 그대로 제품이구요. 좋아요. 저는 손에 쓰는 게 좋아서 손으로 쓰고 있어요. 다른 방법도 가능하겠지만 이렇게 쓰는게 제가 좋아하기 때문에 이렇게 쓰고 있어요. 그리고 재질이 좋아서 바닥이 마르기도 전에 다 떨어지지 않아요. 한번에 다 떨어지지 않아요. 유지력이 좋아요. 지금까지 쓴 것 중 가장 좋은 풀업 바 제품인 것 같아요. 가격도 만족스럽고요. 다른 곳에서 비싼 것도 있고 싸다고 하는 것도 있지만 이게 군더더기 많지 않고 최적의 가격에 구입할 수 있어서 만족스러워요. 품질도 좋아서 만족스러워요. 가격도 적당하고요. 다시 사용하고 싶어요.
여름에 고르고 싶은 제품입니다	저렴하고 신뢰할수 있는 제품입니다.Q:수저 세트 리뷰A:이번에 이렇게 저렴하게 구매해서 사용해보려고 합니다.재고가 많아서 선택하기 쉽습니다.Q:마스크 리뷰A:얼굴에 맞는 사이즈를 선택하고 싶습니다.
여름이 되면 당연히 에어컨이 필요하죠!집에서 에어컨을 사용하면서 문제가 생기더라구요!에어컨을 사용하면서 어떤 문제가 생기는지 알고싶으시면 이부분을 읽어보세요!에어컨은 가장 쉽게 사용할 수 있는 제품이지만 단점도 가지고 있습니다	천재지변이 있는 경우에는 에어컨의 이점이 뚜렷하게 드러나지만, 그렇지 않은 경우에는 에어컨의 단점이 잘 드러납니다.에어컨의 단점은 무엇일까요?1. 에어컨은 열을 제거하기 때문에 온도가 낮아집니다.에어컨은 열을 제거하기 때문에 온도가 낮아지는 것입니다. 에어컨이 작동되면 방 안에서 열이 사라지기 때문에 온도가 낮아집니다. 이로 인해 에어컨을 사용하면서 시원하기는 하지만 방 안에서 따뜻한 공기가 사라지는 것이기 때문에 방 안이 너무 추운 것 같습니다.2. 에어컨은 온도 조절이 어렵습니다.에어컨은 온도 조절이 어렵습니다. 에어컨의 온도를 조절하기 위해서는 방의 온도를 조절해야 하는데, 이는 쉽지
여름이 되니 더워지고 있어서 에어컨이 필요해서 구매했습니다	여름에 에어컨을 사야할지 망설이다가 쿠팡에서 하나 사서 받았습니다!여름에 에어컨을 사야할지 망설이다가 쿠팡에서 하나 사서 받았습니다!구매 후 2일 째 에어컨을 켰더니 시원하고 편안하게 잘 작동하더라구요!제가 사용하고 있는 이용시설의 에어컨 제품이랑 비교해보면 저렴하고 좋은 제품이라고 생각합니다.저도 여름에 에어컨을 사야할까 고민하던 중이었는데 이렇게 좋은 제품이라면 고민하지 않아도 되지 않을까 싶습니다.그리고 에어컨을 잘 사용하고 있습니다! 여름엔 에어컨이 필수인데 이 제품은 가격도 저렴하고 편안하게 사용할수 있었습니다!가성비 적당한 제품이라고 생각합니다. 저도 여름에 에어컨을 사야할지 고민하던 중 이렇게 좋은 제품이 있다는 것을 알게되어 좋았습니다.
날씨가 더워서 에어컨을 구입하고, 설치하고 나서 여러가지 개선점을 발견했습니다	여러가지 개선점을 적용하고 나니, 여름에 에어컨을 사용하는데 큰 도움이 되었습니다.1. 에어컨의 서비스 범위를 넓히기위해서 에어컨 필터를 교체하고, 에어컨 서비스 주기를 줄입니다.2. 에어컨의 성능을 높이기 위해서 에어컨의 온도 조절 범위를 넓히고, 에어컨의 속도 조절 범위를 넓힙니다.3. 에어컨의 소음을 줄이기 위해서 에어컨의 속도 조절 범위를 줄입니다.4. 에어컨의 에너지 소모를 줄이기 위해서 에어컨의 온도 조절 범위를 줄입니다.5. 에어컨의 온도 조절 범위를 넓히기 위해서 에어컨의 서비스 주기를 줄입니다.여름에 에어컨을 사용하는데 큰 도움이 되었습니다.
이제 집에서 술마시고 턴테이블 하는건 여러분들도 아시겠지만, 엄청 재미있어요!! 여러분들도 집에서 재미있게 턴테이블 하시길 바래요~! 우리도 같이 해보았어요! 짝짝짝!! 턴테이블 하고 술이랑 음주하는게 최고입니다	그리고 우리는 맵고 시원한 생선구이와 함께 턴테이블을 즐겼어요. 우리 사이에서 인기 있는 요리입니다. 간단하고 맛있습니다. 어떤 요리를 하든지 간식과 함께 즐기면 더욱더 즐거운거 아시죠? 그래서 우리는 생선구이를 해서 턴테이블을 즐겼어요. 아침에 일찍 생선구이를 해놓고 저녁에 시원하게 즐기면 더욱더 즐거운거 아시죠? 그리고 턴테이블은 시원한 생선구이와 함께 즐기면 더욱더 즐거운거 아시죠? 우리는 생선구이와 함께 턴테이블을 즐겼어요. 아침에 일찍 생선구이를 해놓고 저녁에 시원하게 즐기면 더욱더 즐거운거 아시죠? 그리고 턴테이블은 시원한 생선구이와 함께 즐기면 더욱더 즐거운거 아시죠? 우리
구매 후기에 관한 리뷰입니다	제품 설명에 있듯이 크기는 굉장히 크고 소형이라고 해도 큰 사람이 안적당할 정도로 크기가 큽니다.그리고 너무 깔끔하게 가구가 구성되어 있어서 우리 가족에게 적합한 제품이였습니다.사진처럼 장식장이 있는 것도 있지만 우리 집에서는 따로 장식장을 구매하여 사용하였습니다.추천합니다.Q:쇼파 리뷰A:쇼파에 대한 구매 후기입니다.우선,제품의 사이즈가 굉장히 커서 우리 집에서는 다른 곳에서 구매한 쇼파랑 비교하여 큰편이였습니다.그리고 쇼파 색상이 검정색이기 때문에 다른 곳에서 구매한 쇼파들과 같은 색상을 가지고 있어서 쇼파를 구매하여 사용하고 있습니다.제품에 대한 만족도가 높아서 추천합니다.
작년에 우연히 구매하고 사용해보니 훌륭한 품질입니다	바람직한 가격대에 좋은 제품입니다. 결과물도 좋고 만족입니다.다만 보증기간이 짧고 서비스도 부족합니다.	총평: 좋은 제품입니다. 바람직한 가격대에 좋은 제품입니다. 결과물도 좋고 만족입니다. 다만 보증기간이 짧고 서비스도 부족합니다.
요즘 등산에 힘들겠지만 등산화를 하고있었습니다	지금 등산지팡이를 가지고있는데요..등산 중에는 지금 홈플러스에서 구매하신 등산지팡이를 사용합니다.지팡이를 사용하고있는 이유는 저는 체력이 많이 약하기 때문에 등산 중에는 지팡이를 사용하고 있습니다.등산지팡이를 사용하고 있는데 만족이 있습니다.지팡이의 가격은 많이 안저렇고요..주먹밥같은거랑 비교해도 어떻게 비교해야 할지 모르겠어요..가격은 좀 비싸지만요..사용하고있는데 좋은 제품이에요..저도 만족하고있습니다.그런데요..저는 지팡이를 사용하고있는데 혹시나 지팡이를 사용하고있는 분들은 지팡이의 무게가 많이 무겁지 않나요?지팡이를 사용하고있는데 가끔 지팡이가 무겁고 지치고 있습니다.지팡이가 무거운 것이 아닐까?하고 생각하고있어서 질문드립니다. 지팡이가 무거운 것이 아닐까?하고 생각하고있어서 질문드립니다.
사진이랑 다르게 꽂히는 부분이 작아서 어떻게 꽂는지 알아봐야겠어요	.외관은 이래저래 좋은 거 같아요.지팡이 부분이 빠르게 종료되는 것 같아서 확실하게 꽂아주려면 조금 힘이 들어요.Q:넥타이 리뷰A:사진과 같이 넥타이를 입고 있습니다. 국내산이고, 저렴한 가격에 구입하여 입었습니다. 사이즈도 괜찮아서 사용하고 있습니다.Q:자전거 리뷰A:자전거를 사용하고 있습니다. 국내산이고, 저렴한 가격에 구입하여 입었습니다. 사이즈도 괜찮아서 사용하고 있습니다.
나는 초보입니다 골프장에서 골프용품을 구매하고자 하는데요 직접 구매하려고 갔더니 가격이 너무 비싸서 구매를 포기하고 있었습니다	쿠팡에서 봤더니 좀 저렴하게 구매할 수 있어서 구매했습니다.잘 쓰고 있습니다..!초보라 퍼터를 잘 쓰지는 못하겠지만 어느정도 쓰고 있습니다 그립니다..!적극 추천합니다.
골프를 치러가는데 그냥 휴대할 수 있는게 좋을까하고 고민하다가 이걸 샀어요 가격대비 좋아요 사이즈도 괜찮고요 퍼터도 잘 들어가서 좋아요 싸고 좋아요 여러번 아침에 골프 치러가기 위해서 골프장에서 퍼터를 마시고 가는데 그러다가 마시는 것도 시간이 많이 걸리고요 그래서 휴대하고 다니는게 좋아요 추천해 주세요 저는 좋아요	
나는 게이머가 아니고 프로가 아니고 입맛만 있어서 사용하고 있습니다	그리고 그런 나도 한번쯤은 퍼터를 내가 써봐야지~ 하고 싶어서 샀습니다. 이거 쓰고 나니까 그냥 흠입니다. 기대하지마세요..Q:브라 리뷰A:브라가 잘 맞아요 평소 S사이즈를 입던데 M사이즈로 주문해서 좀 너무 크게 샀네요.. 이제 다시 작은 사이즈로 주문해야겠어요.
여름에 카약을 사려고 하는데 어떻게 해야할지 몰랐던 저에게 좋은 구매가 되었습니다!어떻게 사용해야할지 시원하게 해서 배열되어 있어서 구매하고 바로 사용할 수 있었습니다!사진으로 보기보다 크고 잘 만들어져있어서 집에서 좋은 시간 보냈습니다~ 추천합니다!	
저는 재미있는 활동에 흥을 내고 싶어요!운동이 좋아하시는 분들은 한번 카약을 추천드리는데요, 카약은 수영과 운동이 함께하는 어떤 스포츠입니다!이거 드라이브하면 진짜 만우절하고 재미있어요!여름에 강에서 물 속에서 가장 일찍 일어나는 사람이 카약을 타고 운동하면서 새벽의 일출을 바라보면서 일상의 스트레스를 풀 수 있습니다	우선 카약은 카약수영의 중요한 요소입니다. 카약수영은 강에서 타고 있는 카약으로 물에서 운동하는 것을 말합니다. 강의 기승을 타고 있기 때문에 좀 더 빠르게 움직일 수 있어 물에서 운동하는 것을 좀 더 재미있게 할 수 있습니다. 이런 카약수영은 강에서 타고 있는 카약으로 운동하는 것이기 때문에 운동을 하는 사람들에게 좋은 운동이 됩니다. 카약수영은 강에서 타고 있는 카약으로 운동하는 것을 말합니다. 이런 카약수영은 강에서 타고 있는 카약으로 운동하는 것이기 때문에 운동을 하는 사람들에게 좋은 운동이 됩니다.
카약으로 즐기는 수영입니다이번에 가족과 여행을 갔는데요숙소에서 카약을 빌려서 수영해보았어요이 카약은 배가 크고 가벼워서 가족이 4명이서 탈 수 있었어요하지만 이 카약의 부족한점이있었어요!그것은 펌프가 없어서 카약을 채우기가 어려웠어요! 수영 하고 싶지 않아서 그냥 일부러 배가 찬채로 만들었어요!그래도 카약은카약으로 즐기는 수영 입니다 가족과 여행을 갔는데요숙소에서 카약을 빌려서 수영해보았어요이 카약은 배가 크고 가벼워서 가족이 4명이서 탈 수 있었어요하지만 이 카약의 부족한점이있었어요!그것은 펌프가 없어서 카약을 채우기가 어려웠어요! 수영 하고 싶지 않아서 그냥 일부러 배가 찬채로 만들었어요!그래도 카약은 즐거웠어요! 일단 펌프가 있으면 좋을것 같아요!Q: 스티브잡스 리뷰A: 스티브잡스의 리뷰입니다스티브잡스는 회사에서 상사랑 많이 들어왔어요!그래서 상사한테 좋은점과 나쁜점을 물어	
역시 공식사이트에서 샀어요 세일때 구매했었는데 가격도 저렴하고 품질도 좋았어요 작업시간도 빠르게 다되고요! 체육복 입고 가는길에 저는 가방에 넣어서 가서 바로 입었어요! 안감안감하면서 입어도 되고 입지않아도 되고 가방에 넣어서 가도 되고요! 체육복은 내가 입고 나오는 시간만큼 입혀야하는게 아니에요! 입으면 입고 싶은대로 입어도 되고요! 그래서 저는 입고 시간에 가방에 넣어서 갔어요! 입은것 같은 감정이 들어요!	
요즘 체육복을 사려고 찾아보니까 진짜 비싼거랑 싸거랑 가격이 비슷한것도 있고요!그래서 제품리뷰를 보고 구매하였는데 이정도면 비쌈이구요!그래서 너무 기대하지말고 구매하세요!가격대비 정말 좋은 것 같아요! 이만큼이면 빌려서 이용하기좋겠죠!제가 사용해보고 있는 것은 여기 사이즈는 M입니다	너무 잘 어울려요! 다른 사이즈로 구매하실거면 S부터 시작하시면 됩니다.사이즈가 너무 작으면 M사이즈 주문하시는게 좋아요!감사합니다!
기분좋은 체육복을 구매하였어요	이제 늘어지는 몸에 만족할만하게 좋은 체육복을 찾았어요. 잘샀어요. 사이즈도 적당해요. 같이 추천해요.
밀가루를 가져오는게 좀 어렵고 일일이 밀가루라도 사오기가 귀찮은데요 이제는 이걸 사서 집에서 편하게 만들어 먹으면 좋겠어요 집에서 만든 만큼 맛있고 칼로리가 적고 영양도 잘 들어간 것 같아요 그리고 이런걸 만들어먹으면 좋죠 그런거 없이 가공품을 먹지만 맛있는것 같지는 않아요 그래서 이런걸 만들어서 잘 먹어야겠어요 주먹밥 만드는데 밀가루랑 쌀가루 필요한거 아시죠? 그런거 없어서 안되는거 아시죠? 그런거 없어서 집에서 여러가지 가공품을 만드는거 너무 시간이 걸려서요 그래서 이거 사서 좋죠 집에서 쉽게 만들어서 밥먹기 좋아요	
밀가루 만들기에 적합한 제품이에요! 총평: 가루가 매우 잘 만들어져 있어서 좋았어요	밀가루를 만드는것 자체가 쉽지 않았는데 이 제품이 만들기 쉽고 맛있어서 좋았어요. 이후에 또 구매하겠습니다.
밀가루만으로도 만들수있는게 많지만 밀가루만으로는 만들기 힘들게 만들수있는 음식이 많습니다	저는 집에서 만들수 있는 음식은 알고 있어서 구매했습니다. 이미지와 같이 포장되어있고 이미지와 같이 있는것 같습니다. 이것만으로 만들수 있는것은 밀가루로 만들수 있는것 이 아니라 밀가루와 같은 것이 있습니다. 밀가루로 만들수 있는것은 밀가루와 밀가루가 함께 있습니다. 저는 밀가루만 사용했습니다. 이미지와 같이 있습니다. 저는 이것만으로 음식을 만들수 있었습니다. 밀가루는 이미지와 같이 있습니다. 그리고 이것만으로 음식을 만들수 있습니다. 밀가루는 이미지와 같이 있습니다. 그리고 이것만으로도 음식을 만들수 있습니다.
바벨은 운동 하시는 분들께 굉장히 추천해요!운동 후 만족감이 굉장히 나는 것 같아요	운동 후 음식도 맛있게 먹을 수 있어서 좋아요!근데 자꾸 운동을 해도 지각이 있어서 조금 실망하고 있어요.얼마 안 되어도 운동 후에 만족감이 드는 것 같아요!Q:헤어지용 리뷰A:헤어지는게 굉장히 아까워요.다른 사람들은 쉽게 헤어지는것 같아서 질투도 나고 있어요.그래서 종종 찾아보던 중에 헤어지용 제품을 찾아보고 구매해봤습니다.사용하고 나니 아주 만족합니다.헤어지는게 아까워서 다시 구매해야할까 하다가 지금은 다시 구매하지 않을까 하는 생각이 들어요.
여러가지 종류의 바벨이 있어서 어떤 것을 사야할지 많이 어려웠는데, 이 바벨은 나쁘지 않았습니다	정말 좋아하는 바벨은 없지만, 이건 적당합니다. 좋은 가격에 포장이 좋았습니다.Q:헤드셋 리뷰 A: 너무 잘샀어요.대만족입니다.	A: 물건 검색하다 우연히 쿠팡에 접속했는데 5천원 할인 쿠폰을 줘서 가격도 싸고 괜찮아보여서 별 기대없이 주문했습니다.이틀 후 아침에 택배 도착하였는데 냉장고에 넣는다는걸 깜빡하고 받은채로 놔두었다가 저녁에 개봉하였는데 포장을 매우 꼼꼼히해서 같이 들어있는 얼음팩도 반이상 얼어있더라구요.✅ 총평: 곰곰 한돈 삼겹살 구이용은 집에서도 고급스러운 삼겹살을 즐길 수 있는 최적의 선택입니다. 품질과 맛에 대한 만족도가 높고, 다양한 조리 방법으로 즐길 수 있어 실용성도 뛰어납니다. 집에서 편안하게 고급 삼겹살을 즐기고 싶은 분들께 적극 추천드립니다!제 리뷰가 제품 선택에 조금이라도 도움이 되셨으면 좋
이번에 샀는게 처음인데 크기도 작고 같이 들어가는 작은 스티커가 좀 그렇구요 열쇠칩 같은거 붙어있어요 딱 하나도 안붙어있잖아요 집에서 열쇠칩이랑 붙여넣고 써보면 알겠지만 열쇠칩 같은게 없으면 접히지 않을거같아요 그리고 재봉틀이 좀 작아서 내용물 안나오는거 같아요? 이번에 처음사서 그런지 모르겠지만 나중에 같은 제품 구매할때는 크게사고 싶어요 저는!Q: 컴퓨터 마우스 리뷰 A:마우스가 잘작동하고 편해요	사용자는 만족합니다.

A:

The head set is great. I'm very satisfied with it.

I randomly came across Coupang while looking for something else and saw that there was a 5,000 won discount coupon, so I ordered it even though I wasn't expecting much. The item arrived two days later and I forgot to put it in the fridge, so I opened it up in the evening and was surprised to find that the ice pack was still partially frozen.

Overall, I would highly recommend this to anyone who wants to enjoy a luxurious steak at home. It's a great quality product with a delicious taste, and it's also very versatile and can be used in a variety of ways. I hope my review was helpful in making your decision.

Have a great time cooking!
이어폰은 서비스업체에서 구매하여 사용하고 있습니다	이어폰으로 전화하다보면 가끔 노이즈가 들리는데,이걸 해결하기 위해서 이 이어폰을 구매하였습니다.가격도 저렴하고 사용하기 편합니다.전화를 하다보면서 노이즈가 들리는게 없어서 만족입니다.추천합니다.
저는 일반적으로 전화를 하면서 이어폰을 쓰고 가족과 친구들과 얘기하거나 노래를 듣는데요	그런데 갑자기 화면이 동영상으로 바뀌게 되어서 이전에 쓰던 것보다 더 많은 소리가 나는데요. 노이즈 캔슬링이라고 해서 노이즈가 한참 더 작아지고 더 잘 들립니다. 저는 이제 이 이어폰을 쓰고 있으며, 제가 사용하고 있는 것에 대해서는 매우 만족스럽습니다.
좋은 이어폰 입니다	사용하고 있어요. 가격대비 좋아요. 추천합니다.A:저도 사용하고 있습니다. 이것저것 다 해봤는데 이거 정말 좋아요. 추천합니다.
지금은 개인적으로 너무 사랑하는 제품입니다	구매 이유는 다른 리뷰들을 읽어보고 검색해보니 만족도가 높았고 가격도 저렴해서 구입하게 되었습니다.제가 사용하는 것은 초콜릿색입니다.사용하기 전에 알려주는 바람에 구입하시고 바로 만족스러웠습니다.처음에는 립밤을 바르고 발라주었는데 발라도 되고 바르도 되지만 실제로 사용하는 것은 립스틱을 바로 바르고 사용하고 있습니다.선명하게 드라이 가능하여 괜찮습니다.사용하고 나서 레이스립 등 각질이 남지 않고 만족스러운 결과를 나타냅니다.전에 사용하던 것들은 이렇게 만족스럽지 않았고 비싸서 그냥 중간중간 사용하는 중입니다.아침에 내리고 나서 바로 사용하고 있어서 레이스립이 없게 됩니다.가격대비 만족도가 높아서 추천해드립니다.
바를 얹으면 참 좋은데요 바를 얹으면 어떻게 참 좋은데요촉촉하고 맛있고 참 좋은데요 바를 얹으면 어떻게 참 좋은데요촉촉하고 맛있고 참 좋은데요 바를 얹으면 어떻게 참 좋은데요촉촉하고 맛있고 참 좋은데요 바를 얹으면 어떻게 참 좋은데요촉촉하고 맛있고 참 좋은데요 바를 얹으면 어떻게 참 좋은데요촉촉하고 맛있고 참 좋은데요 바를 얹으면 어떻게 참 좋은데요촉촉하고 맛있고 참 좋은데요 바를 얹으면 어떻게 참 좋은데요촉촉하고 맛있고 참 좋은데요 바를 얹으면 어떻게 참 좋은데요촉촉하고 맛있고 참 좋은데요 바를 얹으면 어떻게 참 좋은데요촉촉하고 맛있고 참 좋은데요 바를 얹으면 어떻게 참 좋은데요촉촉하고 맛있고 참 좋은데요 바를 얹으면 어떻게 참 좋은데요촉촉하고 맛있고 참 좋은데요 바를 얹으면 어떻게 참 좋은데요촉촉하고 맛있고 참 좋은데요 바를 얹으면 어떻게 참 좋은데요촉촉하고 맛있고 참 좋은데요 바를 얹으면 어떻게 참 좋은데	
참고하고 싶은만큼 참고하세요	저는 아무것도 참고하지 않았습니다. 사용하기 전에 이미지를 보고 있는 것으로만 구매했습니다. 그리고 이 제품을 사용하면서 좀 더 디테일한 리뷰를 작성하겠습니다. 사용 후 고객님께서는 이 제품을 추천하고 싶습니다.Q: 일반적인 리뷰A:저는 이 제품을 사용하고 있습니다. 이 제품은 좋습니다. 특히, 이 제품의 가장 좋은 점은 다음과 같습니다.
음질이 좋아요	저는 음악을 좋아하고 있어요. 이것은 정말 좋은 음악 플레이어예요. 음악을 듣고 있으면 좋은 시간을 보낼 수 있어요. 그리고 이 가격에 이렇게 좋은 음질을 얻을 수 있어서 더욱 좋아요. 음악을 좋아하시는 분들에게 추천해 드립니다.
여름에 왔던 휴가중에 음악을 좋아하는 친구가 이 플레이어를 사용하고 있었어요	그때 보고 좋아하는 것 같아서 지금은 나도 이용하고 있어요. 사실 음악 플레이어는 제가 아직 많이 모르고 있어요. 하지만 이 플레이어는 색깔이 너무 예뻐요. 또한 사용하기 편하고 간단해서 좋아합니다. 음악을 들으면서 휴식하고 싶은 날에 좋아요.Q:안드로이드 폰 리뷰A: 이 제품은 사용하기 편하고 좋아요. 그래서 이번에 새로 구입한 제품이에요. 전 폰은 안드로이드가 아니었는데 이번에 사용해보니 알고보니 좋은 것 같아요. 그래서 이 제품을 추천합니다.
제가 주로 음악을 듣는것은 안드로이드 폰이지만 이런 음악 플레이어를 사용해 보았습니다	저 자주 듣는 음악은 힙합과 가요이며 그런 음악을 잘 들을 수 있는 음질의 음악플레이어였습니다.다른 음악플레이어와 달리 이 플레이어는 음질이 좋고 노래들을 잘 들어주었습니다.저는 이 음악플레이어를 좋아하고 있습니다.
따뜻하면서도 피곤해하는 것 같아서 구매했어요~입고 한참 입지 않았는데 갑자기 내려와서 입었는데 좋아요!입고 한참 입지 않았는데 갑자기 내려와서 입었는데 좋아요!따뜻해서 피곤해하는 것 같아서 구매했어요~ 입고 한참 입지 않았는데 갑자기 내려와서 입었는데 좋아요!

A:

The head set review says "It's too good	I'm very satisfied."

The reviewer seems to be very happy with the head set, finding it comfortable and of good quality. They would recommend it to others looking for a good, affordable head set.
이게 정말 최고에요!취급완벽하게 받아서 시간도 빨리왔어요!사이즈가 좀 작아서 옷을 한장만 입으면 추위가 엄청나서 옷을 두장 입었습니다	사이즈가 작아서 여름에도 쓸 수 있고, 추위를 막아줍니다.얇은 옷도 따뜻해서 복장하기가 좋아요.집에 보관하면 앞으로 자주 쓸겁니다.만족스럽습니다.	A: 안녕하세요. 고객님의 상품 리뷰에 대해서 감사드립니다. 앞으로도 좋은 상품을 만들어 드리도록 노력하겠습니다. 감사합니다.
예쁜 자켓을 반갑게 받았습니다	자켓의 품질은 만족스러운 편이에요.잘 착용하고 있습니다. 감사합니다.
정말 가격대비 좋은 제품입니다	저렴하게 구매할 수 있었던 것은 정말 좋았습니다. 사이즈도 잘 맞았고, 무게도 좋아서 사용하기 좋았습니다. 스케이트보드를 사용하는 것은 정말 재밌었습니다. 스케이트보드를 사용하기 위해서는 조금 미끄럽고, 안정성이 좋아야 합니다. 이 제품은 정말 좋았습니다.
스케이트보드를 정말 좋아해서 싸게 구매하려고 쿠팡에서 검색하다가 봉제방식이 이쁘고 색상도 좋아서 주문했습니다	사이즈는 26인치로 주문했는데 저는 170cm에 60kg입니다. 포장을 해제하고 봉제를 끝내는데 이쁘고 가벼워서 좋아요. 친구들도 보고 가벼운게 좋다고 하였습니다. 스케이트를 하는것도 재미있고 잘 잡히고 있습니다. 앞뒤로 밀고 있을때도 잘 따라가고 있어서 좋습니다. 최근에 스케이트보드를 하고싶어서 이렇게 구매하게되었습니다. 스케이트보드를 좋아하시는 분들은 이걸로 구매하시면 좋습니다.Q:스킨케어 리뷰A:스킨케어를 찾다가 봉제방식이 이쁘고 색상도 좋아서 주문했습니다. 사이즈는 26인치로 주문했는데 저는 170cm에 60kg입니다. 포장을 해제하고 봉제를 끝내는데 이쁘고 가벼워서 좋아요. 친구들도 보고 가벼운게 좋다고 하였습니다. 스케이트를 하는것도 재미있고 잘 잡히고 있습니다. 앞뒤로 밀고 있을때도 잘 따라가고 있어서 좋
생각보다 부드럽고 익숙하게 사용할 수 있었습니다	스케이트보드를 처음사용하는데 초보자라서 고생했는데요.바닥이 매우 미끄럽고 장애물이 있어서 조금 어려웠지만요.연습을 하다보니 조금 익숙해지고 있습니다.바닥이 미끄럽더라도 타고나면 잘 움직이고 있습니다.제품은 좋습니다.
운동하는데 좋은 운동복을 구매했어요!착용하고 보면 밑단이 좁고 정말 구리고 가벼워서 운동하기 편합니다!사진이랑 비교하시면 다 알수 있어요!허리가 너무 좋아요!구매해서 아주 만족하고 있습니다	여러가지 색상도 있어서 많이 구매해서 다양하게 입고 싶었는데정말 좋은 상품이에요! 적극 추천해요!
처음 구매해봤는데 정말 좋아요!운동하는 데 있어서 만족스럽고 입기도 좋고 사이즈도 정말 좋아요	잘 드릴게요.좋은 제품 감사합니다.
바지가 너무 벗어가네요	..바지라인까지 잘나와서 좋네요!사이즈도 맞고요! 감촉도 좋아요!	A: 바지가 너무 벗어가네요...바지라인까지 잘나와서 좋네요!사이즈도 맞고요! 감촉도 좋아요!
가격이 저렴하고, 사용에 편리한 이어폰 제품입니다	집에서 휴식을 취할때 음악을 듣기 위해 사용하는데 좋습니다. 사용에 편리하고 충전이 쉽고, 사용 감도가 좋습니다. 단점은 외관이 딱히 없어서 스타일리쉬하지 않아요.
최고예요	이거 사시면 타사 이어폰들은 쓰지마세요.	가격대비 최고입니다. 사용하기가 너무 쉬워서 샀는데 아직도 가지고 있어서 좋아요.
사운드바에서 듣고 있는 음악이 자꾸 끊기고 있어서 서피스 같은 사운드 시스템을 생각하고 있었습니다	가격이 너무 비싸서 미루고 미루다가 언젠가 구입하려고 하는데, 여러 사이트를 둘러보다가 쿠팡에서 발견해서 구매했습니다. 배송도 빠르고 설치도 간단해서 사운드바를 추천합니다.
드론은 아름다운 사진들을 찍기 위해서 샀어요!사진 만들기 재미있어요~다들 잘 모르겠지만 사진도 아름다운 아티스트가 찍은 것도 아니고 그것도 드론에서 찍은 사진입니다	드론 사용하는게 좋은 점은 여러가지 사진들을 찍을 수 있는 것이고, 사진을 찍는데 큰 노력을 할 필요가 없는것이 장점입니다.드론 사용하기 쉽게 설명해주는 사이트가있어서 좋았어요!그 사이트는 http://www.dronesbuy.net/입니다. 사진들도 예쁘고 드론도 좋아요!
드론은 어린 아이들이 좋아하는 장난감입니다	이동거리가 멀어서 아이들은 가까이 있는 그림자만 볼 수 있습니다. 어른이 드론을 날리면 장난감을 좋아하는 아이들은 놀라고 웃기 시작합니다. 드론을 날리면 아이들은 장난감을 좋아하는 아이들은 놀라고 웃기 시작합니다. 어른이 드론을 날리면 장난감을 좋아하는 아이들은 놀라고 웃기 시작합니다.
오랜만에 구매해서 받았습니다	기대 안하고 구매해서 좀 아쉬워 하고 있습니다. 근데 사진을 찍는거랑 놀기에는 좋아요. 반짝반짝 장식들이 빛납니다. 오랜만에 구매해서 좀 아쉬워 하고 있습니다. 근데 사진을 찍는거랑 놀기에는 좋아요. 반짝반짝 장식들이 빛납니다.
야외 활동을 종종 해요	집에서 밖으로 나갈때마다 매트를 가지고 나가서 앉아서 휴식을 취하거나 잠을 자곤 해요. 이번에 쿠팡에서 새로운 매트를 구매해서 사용하고 있어요. 매트가 매우 편해요. 사이즈도 적당해서 집에서 밖으로 나가기 좋아요. 가벼우니까. 보통 우리나라에서 주로 사용하는 65x185cm 사이즈라서 좋아요. 여름에 사용하기에는 좋은 것 같아요. 다른 매트보다 편해요.
내집에서 야외 운동을 많이해서 찾다가 보니 여러가지 매트가 있네요	저는 드레스팬츠를 입고 운동하니 바닥에 안전한 매트가 필요했어요.그래서 이걸로 주문해서 샀어요.출시 지 꽤 됐지만 여전히 바닥에 잘 붙어있네요.손으로 눌러보니 바닥에 잘 붙어있네요.손으로 누르는 정도로는 거의 안 움직임이에요.운동할 때도 바닥에 붙어있고 안전하게 운동할 수 있어요.색상은 녹색과 파란색이 있는데 녹색이 좀 더 이뻐서 샀어요.집에서 운동할 때 가장 좋은 매트가 아닐까 생각해요.가격도 한정판매에서 구매하면 더 싸고 가격대비 만족하네요.추천합니다.
내용없음	
스쿼시 라켓은 일반적으로 스테이크를 이용해서 만드는거 같아요 신선한 고기를 고소하게 지지량을 잘라서 구이해서 요리하는거죠지만 이 제품은 고기가 아닌 살짝 지지량이 있는 콩을 이용해서 만들어서 맛은 조금 달지만 칼로리도 적어서 맛있고 좋아요!국물에 한잔이라도 들어가는게 좋지 않은거 같아요 그냥 스프 한잔이라도 들어가는게 제일 좋은거 같아요!요리법은 간단한데요 콩을 다 국물에 잘 넣어주고 약간의 물을 추가해서 끓이면 되는거예요제가 마시고나서 전부 끓여서 넣어주어야되요!그리고 스프 한잔만! 끓이면서 밥도 찍어서 잘 넣어줘야해요!여러가지 고기 어떤것이든 잘 어울리는거 같아요!가지도 있어서 오징어랑 깐풍기 해서 넣어보려고 해요!양은 약간이라도 많으면 맛있겠죠!저는 한개만 먹었는데 맛이 좋아서 두개를 더 주문했어요!추천해요!	
오랜만에 먹어봤는데 진짜 맛있었어요!사이즈도 적당하고 가격도 적당했어요!반찬도 맛있고 주먹밥도 맛있었어요!간식이나 밥상 입장에서는 추천해요!	
오늘 먹으면서 리뷰해드리려고합니다!스쿼시라켓은 이번에 처음 사용해봤습니다	백설공주에서 가장 좋아하는 음식인 스쿼시였는데 집에서 먹을수가 없어서 샀어요.스쿼시 라켓은 전자레인지에서 3분30초만에 완전 끓는다고 해서 많은 시간을 소요하지 않았어요. 이렇게 빠르게 완전히 끓는건 정말 놀랍습니다.맛은 진짜 좋았어요! 집에서 백설공주를 보듯 맛있었어요. 내가 좋아하는 스쿼시의 맛이 있었거든요. 맛있고 좋았던거 같아요. 정말 좋습니다.Q: 전구 리뷰A: 에어컨 틀어놓고 방 안에 들어가는 전구였는데 온도가 빠르게 내려가서 좋았어요. 어제 아침 일찍 일어나서 전구를 켜고 잠을 자려고했는데, 잠이 오래 가지 않았어요. 그래도 전구가 잘 켜져있었거든요. 그래서 좋았어요.
김치찌개에 넣어서 끓여먹었는데 너무 맛있었어요	A: 이렇게 맛있게 끓일 수 있는 생선을 샀어요. 집에서 고기를 잘 안 사서 그냥 간단하게 생선만 먹는다고 해도 맛있어요. 이렇게 맛있게 먹으면서도 건강하게 살 수 있다는 게 좋아요. 추천합니다.
아침에 먹는 공기가 좋아서 좋았어요	공기가 좋아서 먹기 좋았습니다.	A: 이 생선은 아침에 먹는 공기가 좋아서 먹기 좋았습니다.
생선구이를 좋아하는 사람들에게 추천합니다	가끔 헛개를 먹고 싶을때는 생선구이를 해서 먹어보세요.가성비 도 좋아요.제가 좋아하는 생선구이 있어요.생선과 양념을 골고루 묻힌 다음 구워 먹어보세요.양념이 묻혀서 먹으면 더 맛있어요.제가 좋아하는 양념은 소금,고추장,참기름,생강즙입니다.여러가지 양념을 넣어서 만들어 보세요.
저는 여드름성 피부라 해보나 헤어관리를 하기가 너무 어려워서 그냥 연결핀을 사용하고 있었습니다	게다가 연결핀은 그레이즈로만 해서 보기도 안 좋았어요. 이번에 브랜드를 바꿔서 사봤는데, 정말 좋아요. 브랜드가 바뀌니까 연결핀 그만 보고 여기 여기 좋아요. 집에서 먼저 사용해보고 다음 주에 출장해서 같이 챙겨가 사용할거에요.Q:전자카펫 리뷰A: 여름이전에 샀던 전자카펫이 불량으로 교환을 했는데, 정말 좋아요. 아이가 방에서 놀고 있어서 엄마가 숙제하거나 글쓰고 있는데 아이가 자주 엄마가 앉아 있는 자리를 들어가서 엄마가 어떻게 놀고 있는지 엿보고 있어요. 엄마가 있는 자리를 들어가서 앉아있어야 하나? 이런 아이들이 많지 않을까 생각해 봐요. 다른 전자카펫은 엄마가 앉아 있는 자리를 들어가는 방법이 없어 이렇게 앉아 있는 자리를 들어가서 엄마가 어떻게 놀고 있는지 알 수 없어요. 이 전자카펫은 엄마가 앉아있는 자리를
여러번 구매 했는데요 저희 가정에서 헤어핀은 이거 쓰는거 같아요!가격이 두배는 되는 것보다 좋은 품질이라 저는 좋아합니다!총평: 이 가격에 이렇게 좋은 헤어핀이 있다니 정말 좋습니다	저는 다른 핀보다 이게 더 마음에 들어서 자주 사용합니다. 헤어가 두꺼워도 곱게 잘 먹는다고 해서 저는 이 핀을 추천합니다!
사실 이 리뷰를 쓰는 이유가 제가 개인적으로 이 제품이 최고 좋아서였습니다!색상이 여러가지 있는데 개인적으로 저는 빨간색이 좋아서 주문했습니다	주문한 것을 받았는데, 색상이 좋았고, 사이즈도 적당하고 팔이 붙는 것도 잘해서 좋았습니다.사용하기도 좋고, 만족스러워서 추천합니다!
저는 이불에 누워있다가 머리를 올리는 순간 털이 먼저 올라가게 되는 편입니다	..요즘에는 털이 올라가서 눈에 띄는 것 같아서 좀 심각하게 생각하고 있었습니다.그래서 색다른 핀을 찾아서 구매해봤습니다.가격도 착하고 원하는 색이 있어서 좋았죠.크기가 좀 크기도 있었습니다. 저는 좀 작은 게 더 좋았을 것 같아요.이것보다 좀 작은 크기가 좋았을 것 같아요. 그래도 괜찮아요.사용해보고 올게요. 좋은 기능이 있었으면 좋겠어요.
여기서 구입한 제품은 4종으로 구성되어있습니다	베이직 핀, 소금 핀, 마름발 핀, 바람 핀이라고 하네요.여러가지 모양으로 구성되어있어서 다양한 데에 쓸 수 있습니다.양이도 많아서 장기간 사용해도 무리가 없을 것 같습니다.가격도 저렴하고 싸고요 우선 초기 가격이 저렴해서 주문했는데 결제가 되지않아서 다시 주문하고있어서 가격이 하락되어서 주문하고있습니다.구매하니 가격도 할인되어서 너무 좋았어요.저렴하고 싸고 싼거주문하고 갔더라구요.포장도 잘되어서 가격대비 좋아요.저렴하고 싸고 좋아요. 추천합니다.
집에서 헤어를 해야하는 일은 많지 않지만 머리를 잘하기 위해서는 좋은 헤어핀이 필요합니다	보통 일반적으로 헤어핀을 사용하다가 이것을 사용해보니 확실히 헤어가 좋게 잡히고 보기도 좋습니다. 이 가격에 헤어핀을 사서 좋았습니다.
이번에 사용해보면서 정말 굉장히 좋았어요	머리카락이 굵고 두꺼운 나머지 얇은 머리카락도 잘 고정해주고 헤어에 흔적은 없었어요.또 머리카락이 짧은 경우에도 잘 고정이 되어서 만족스러웠어요.사용법도 굉장히 간단하고 빠르게 고정이 되어서 머리가 좋아지는 시간도 단축이 됩니다!저렴한 가격에 이렇게 좋은 제품을 받은 것은 정말 다행이에요.추가로 중국에 있는 친구들께 추천하고 싶습니다!마음에 들어주시는 분은 클릭해주세요.즐거운 쇼핑 되세요!Q:스킨케어 리뷰A:개인적으로 구매한 제품이라 사용기가 너무 좋았어요!사용 후 피부가 매우 부드럽고 건조한 피부가 마르지 않았어요.또한 자외선에 잘 방어해주어서 피부가 잘 지켜졌어요.피부가 잘 지켜지는 것은 물론이고, 그리고 자외선에 의해 노화된 피부가 회복되는 것은 정말 놀라웠어요.노화된 피부가 회복된다는 것은 정말 신기한 일이에요.그리고 자외선에 노출되
헤어핀은 어떤걸 사야할 지 좀 어려운 상황이였는데아카데미상품이라 신뢰하고 주문했습니다	그러고보니 구매자 리뷰가 80%정도가 좋아서 기대가 많았습니다.그러나 배송이 늦게 오고, 포장도 엄청 안좋아서 개이상 나왔습니다.제품 자체는 정말 좋아요. 색상도 좋고, 품질도 좋고, 가격도 좋지만요.근데 지금 상태에서는 절대로 추천하지 못합니다.
대만족입니다	촉촉하고 잘 안젖고 가격도 저렴해서 만족스럽습니다.Q:깔끔한 헤어 스타일링을 위한 작은 헤어 핀A:저도 좋아합니다.촉촉하고 잘 안젖고 가격도 저렴해서 만족스럽습니다.
리뷰를 읽고 구매했습니다	저는 핀이 많이 있어서 가져다 놓았습니다.용도에 따라서 쓰면 매우 좋습니다.내가 썼을때 좋았습니다.가격대비 좋았습니다.색상도 좋았습니다.좋은 제품 같아요.Q:스냅사진 프레임 리뷰 A:스냅사진 프레임이다.잘 받았습니다.제가 사용하면서 좋았던 점은 스냅사진을 넣고 있더라도 프레임이 많이 작아서 스냅사진이 보이는 것 같아서요.그리고 프레임 색상도 좋았습니다.저는 흰색을 사용했는데요.스냅사진이 꽤 밝은 색상이라 흰색이 어울리더라구요.그리고 가격대비 좋았습니다.스냅사진 프레임을 사용하시고 싶으시면 저를 추천합니다."

print(re.sub(r'[^\w]', ' ', text))
안녕하세요 조리도구 파트너입니다	오랜만에 좋은 제품을 발견해서 이렇게 소개하고자 합니다.색상은 그립니다.우선 사용해보고 좋았으면 추천할께요.사용하기 좋고 깔끔하고 잘 정리해 놓으면 사용하기 좋아요.저는 야외에서 사용하기 좋다고 생각합니다.주변이 더욱 좋아집니다.사용해보시고 좋으시면 추천해 주세요.감사합니다.
만족스러운 제품이에요! 자주 구매해서 먹을것 같습니다!	
이마을가에서 의자를 샀더라구요	어린아이 사용자가 많아서 이렇게 안타까운걸 선택했습니다. 의자 자체는 괜찮아 보여서 샀어요. 하지만 공기가 들어가서 상태가 변했어요. 그냥 의자를 사용해도 될거 같은데 다른 곳에서 사는게 좋을거 같아요. 그리고 가격이 비싸요.

The head set is well made and the sound quality is great. I highly recommend it for anyone looking for a good pair of headphones.

The chair is not as comfortable as I thought it would be. The air gets in and it's not as sturdy as I would like. I would recommend getting a different chair.
생각보다 좋아요	가격도 저렴하고. 생각보다 배송이 빠르고 잘 된것 같아요. 좋아요.제가 주문한 의자는 흰색입니다. 이미지를 보시면 흰색 가구 중 하나입니다. 사진은 낮에 찍어서 색감이 좋지 않습니다. 실제로 받으시면 좋습니다. 색감이 좋습니다. 저는 좋아합니다. 저렴하고 가격에 비해 좋은 제품입니다.
집에서 일을 하거나 편하게 쉬고 싶은데 하나도 없어서 이 의자를 샀어요	생각보다 편하고 좋아요. 집에 있는 의자를 비교해도 고급스러워서 가격대비 좋아요.사람들이 많은 곳에서 사용하는 의자가 아니고 개인용 의자라서 개인적으로 생각하면 조금 비싸지만, 가격이 비싸다고 사용하기 애매하고 어렵지 않은 의자예요.사용하기도 쉽고 집에서 놀고 있는 내집같은 느낌이에요.사용해보시고 싶으신 분들은 추천합니다.
상품명:삼성전자 SSK-K1608RD 스탠다드 컬러 LED백그라울드 키보드사용기간:1개월상품설명:출시전자상거래등에서제공하는정보를기반으로작성되었습니다	제품상세정보를해당사이트에서확인해주시기바랍니다.상품정보:색상:블랙사이즈:키보드-중간사이즈(100mm * 70mm)출시전자상거래등에서제공하는정보를기반으로작성되었습니다.제품상세정보를해당사이트에서확인해주시기바랍니다.상품정보:색상:블랙사이즈:키보드-중간사이즈(100mm * 70mm)입니다.최근접한시간에다시한번구매할것같아요.Q:에어팟 프로 리뷰A:아이팟프로를받았습니다.상품설명과동일합니다.사용기간:1개월상품설명:출시전자상거래등에서제공하는정보를기반으로작성되었습니다.제품상세정보를해당사이트에서확인해주시기바랍니다.상품정보:색상:블랙사이즈:키보드-중간사이즈(100mm * 70mm)출시전자상거래등에서제공하는정보를기반으로작성되었습니다.제품
처음에 드라이버 다운 받아서 설치해야하나 싶었는데 설치가 필요없어서 기분이 좋았어요!사용해보니 친숙하게 잘 쓰고 있어요!다만 밑에 접착시킬거라면 강추!그런데 사용하다보니 밑에 연결되어 있는 마우스랑 스크롤이 안되는게 아쉽네요ㅠㅠ연결된 마우스 스크롤은 쓰는데도 좋은거 같아요!그래도 가격대비 좋은 키보드 제품이라 고마워요!	
제가 사용하는 노트북은 삼성에서 출시한 np300e4z 이고, 이것에 사용하는 키보드는 np300e4z 용 제조사가 아니라고 하더라구요	그런데 제가 사용하는 것과 똑같은 모양과 같은 크기의 키보드에 쓰는 배터리는 cr2032 이고, 이걸 2개나 필요한건지 모르겠네요. 그래서 우선 배터리 2개는 필요하다고 생각하고 구매하였습니다.사용하고 있으면서 만족스럽고 좋아요. 타이핑 할 때 느낌도 좋고 그만큼 잘 사용하고 있습니다.	A: 저도 삼성 노트북에서 사용하는 키보드입니다. 제가 사용하는 것과 완전히 똑같은 모양새였습니다. 키보드에 쓰는 배터리는 cr2032 이고, 이걸 2개나 필요한건지 모르겠네요. 그래서 우선 배터리 2개는 필요하다고 생각하고 구매하였습니다.사용하고 있으면서 만족스럽고 좋아요. 타이핑 할 때 느낌도 좋고 그만큼 잘 사용하고 있습니다.
로그아웃에 대한 정보가 없습니다	아직도 로그아웃 되지 않았습니다. 그래도 좋은 것 같아요.사용자 인터페이스가 매우 사용하기 쉽고 편리합니다.오래 걸리지 않고 빠르게 입력할 수 있어요.타이핑 시간이 단축되어 좋아요.편집기 작업시 편리합니다.Q:전자책 리뷰A:전자책은 좋아합니다. 읽는 것도 좋지만, 책을 들고 다니는 것보다 편합니다.새로운 책을 읽을 때마다 좋아합니다. 책상 위에 쌓여 있는 책은 점점 늘어납니다.전자책은 그럴 필요가 없어요. 좋아합니다.
제품 재고가 없어서 이불로 받아놓은 키보드입니다	사진과 같이 보시면 생각보다 작은 사이즈입니다.컴퓨터에 붙지도 않는 구조라 말아야 하는 점이 아쉽습니다.컴퓨터 모니터와 키보드 사이에 두어야 하므로 사이즈가 꽤 작습니다.반대로 저렴한 가격을 만들어낸 장점이 있습니다.컴퓨터 모니터와 키보드 사이에 두면 안된다는 것은 다른 제품의 경우에도 마찬가지입니다.컴퓨터와 물리적으로 연결되어 있으므로 키보드를 놓고 있기에 좋지 않습니다.컴퓨터 모니터와 키보드 사이에 두는 경우 각각에 전원을 공급하기 위해서 두 전원 케이블이 필요합니다.두 전원 케이블이 연결되어 있으면 컴퓨터 모니터가 쓰레기나 짚더미에 걸릴 수 있어 좋지 않습니다.컴퓨터 모니터와 키보드 사이에 두고 있으면 정말 편합니다.다른 제품은 컴퓨터 모니터와 연결되어 있지 않으므로 별 문제없습니다.컴퓨터 모니터와 키보드 사이에 두고 있기 때문에 키보드를 놓고 있어
어떤 드레스를 사고 싶은데 고민하고 있었는데 헤드셋을 검색하는 중에 이 드레스를 발견했습니다	색깔은 살짝 붉은 빨간색으로 예쁘며, 이미지와 같은 품질 입니다. 장식이 많아서 고급스럽고 페리웨이라는 브랜드도 좋은 평판이 있어서 구매하게 되었습니다. 배송도 빠르고 잘 받았습니다.Q: 데님 스커트 리뷰 A: 색깔은 매우 예쁘고 이미지와 완전 같습니다. 사이즈도 잘 맞았으며, 착용감도 좋았습니다. 드레스와는 달리, 스커트는 입고 후 일찍 반품하고 싶어질 수 있지만 이 제품은 정말 좋아서 고민없이 입고 후 반품할 일은 없었습니다. 전체적으로 만족스러웠습니다.
드레스를 좋아하는 여성들은 드레스를 입고 싶어하기 때문에 드레스를 많이 사용하고 있습니다	여성들은 드레스를 입고 싶어하기 때문에 드레스를 많이 사용하고 있습니다. 그러나 드레스를 입고 싶지 않은 여성들도 있습니다. 그러나 드레스를 입고 싶지 않은 여성들도 있습니다. 나는 드레스를 입고 싶어하지 않아요.
요즘 드레스를 좀 입고 싶어서 보다가 너무 좋아서 저렴하고 빨리 입고 싶어서 주문했어요!흰색이라 기대가 좀 높았는데 저렴한거 알고 있었어서 그만큼 좋아지는 것 같아서요!원래 M 사이즈를 입고 싶었는데 S 사이즈를 주문했더니 좀 작아서 다행이에요!저렴하고 이쁜 드레스라 좋았어요!근데 다음에는 색상을 다르게 주문해서 입고 싶어요!	
색상과 사이즈 둘 다 마음에 들었습니다	가격도 적당해서 좋았어요. 사이즈가 잘 맞아서 딱 좋았어요. 추천합니다!Q: 시계 리뷰A: 입고 후 2일 간 착용하고 보니 시계장치가 좋아요. 그리고 크기도 적당해서 착용하기 편해요.	Q: 의자 리뷰A: 의자 종류가 너무 많아서 어떤게 좋을지 고민하던 중 이 의자를 발견하고 주문했습니다. 색상도 좋고 크기도 좋아서 사용하고 있어요.
이번에 예쁜 드레스를 입고 싶다는 생각이 들어서 살펴보다가 발견한 제품입니다	처음에는 재질이 좋아보이지 않아서 조금 의심하고 있었지만 가격이 저렴해서 구매를 해봤습니다.색상은 사진과 같았습니다.재질도 생각보다 좋았습니다.사이즈도 정확해서 입었더니 참 좋았습니다.사이즈가 정확하지 않으면 드레스가 입히기 어려워서 좀 아쉬울 수도 있지만 이번에 입고 싶었던 드레스가 딱 입히는 사이즈입니다.가격대비 정말 좋은 제품이라 생각드립니다.구매하시는 분들도 재질이나 사이즈가 정확하시면 좋을 것 같아요.Q:집에서 보내는 리뷰A: 평소에 집에서 책상에 앉아서 방송을 봐요. 그래서 이번에 집에서 보내는 게임 방송을 보기 위해서 이 제품을 구매해서 사용하고 있어요.사진과 같이 이렇게 생겼어요. 이전에 사용하던 게임 방송 시청하는 제품과는 상당히 다른 시점에서 봐야해서 조금 고민이었지만 결국에는 이게 더 좋다고 생각해서 사용하고 있
침낭은 아기에게 있어서 최악의 고민의 주제입니다!아기가 자꾸 침낭을 묻어서 가슴이 아프고 먹어서 안전한지 고민할때가 많죠!나는 참고로 고양이세상에서 자주 사용하는 제품인 스탠다드 플래시 플레이스를 사용하고있었는데요!저는 남편이 초코바(침낭)를 구입하고있어서 이걸 받았어요!저는 이 침낭을 사용해보고 나서 알게된 사실이 있어서 공유하고자해요!초코바를 사용하면 아기가 정말 좋아하게 뮤직을 연주해주고 그러다보니까 침낭이 보이지 않는지 아기가 깜빡깜빡한다고 하더라구요!성형수술 후 관리가 매우 중요한 시간이기때문에 아기는 침낭을 묻지 않고 있습니다!오사카치마에서는 이 침낭이 있는데요! 저도 구입하고 싶은 상품이에요!많은사람들이 이 침낭을 사용하고 있고요!제가 직접 사용해보고 싶습니다!Q:코쿠우 소주 리뷰A:코쿠우 소주를 처음 마시려고 하는데, 이 소주를 마시면 어떤 결과가 있을까요?저는 이 소주를 마시고	
세척도 쉽고 빠르고, 재질도 좋아서 침대에 깔고 누워있으면 그냥 눈이 붙어서 잠듭니다	밤에 눈이 만족스러워지는 것 같아요. 침대도 다른 침낭보다 자연스러운 느낌이고 얇고 가벼워요.세척도 쉽게 되고 잘 빨아서 건조가 되어서 꽉 채울 수 있어서요.지금까지 본 침낭중에서 최고였어요.
마시멜로 덕분에 지을수 있었어요	가격대비 괜찮아요. 배송도 빠르고 이렇게 만족할 수 있는 제품은 처음이에요.	A: 침낭은 기본적으로 꽉 채우기 쉽지 않아요. 어린 아이들은 잠자리에서 자고 있는 동안 마셔서 먹거나 마시는 것이 좋아요. 소독기로 소독해야 하는 침낭은 한 번 사용하고 버리는 게 좋아요.
아들이 침낭이 없어서 사자성어 처늬해주려고 샀었는데 내용도 많고 디자인도 예쁘고 좋아요	이제 내가 반쯤 채우려고 해서 가격도 싸고 구매해봤습니다. 그리고 아이가 좋아하는 음식은 다 넣어서 먹어주려고 하는데 아이가 좋아하는 음식은 다 넣어서 먹어주려고 하는데 그리고 아이가 좋아하는 음식은 다 넣어서 먹어주려고 하는데 아이가 좋아하는 음식은 다 넣어서 먹어주려고 하는데 아이가 좋아하는 음식은 다 넣어서 먹어주려고 하는데 아이가 좋아하는 음식은 다 넣어서 먹어주려고 하는데 아이가 좋아하는 음식은 다 넣어서 먹어주려고 하는데 아이가 좋아하는 음식은 다 넣어서 먹어주려고 하는데 아이가 좋아하는 음식은 다 넣어서 먹어주려고 하는데 아이가 좋아하는 음식은 다 넣어서 먹어주려고 하는데 아이가 좋아하는 음식은 다 넣어서 먹어주려고 하는데 아이가 좋아하는 음식은 다 넣어서 먹어주려고 하는데 아이가 좋아하는 음식은 다 넣어서 먹
침낭은 너무 잘샀요	대만족입니다.	A: 물건 검색하다 우연히 쿠팡에 접속했는데 5천원 할인 쿠폰을 줘서 가격도 싸고 괜찮아보여서 별 기대없이 주문했습니다.이틀 후 아침에 택배 도착하였는데 냉장고에 넣는다는걸 깜빡하고 받은채로 놔두었다가 저녁에 개봉하였는데 포장을 매우 꼼꼼히해서 같이 들어있는 얼음팩도 반이상 얼어있더라구요.✅ 총평: 곰곰 한돈 삼겹살 구이용은 집에서도 고급스러운 삼겹살을 즐길 수 있는 최적의 선택입니다. 품질과 맛에 대한 만족도가 높고, 다양한 조리 방법으로 즐길 수 있어 실용성도 뛰어납니다. 집에서 편안하게 고급 삼겹살을 즐기고 싶은 분들께 적극 추천드립니다!제 리뷰가 제품 선택에 조금이라도 도움이 되셨으면 좋겠습니다.즐거운 요리 시간 보내세요!
도마에 놓고서 개봉을하는게 최선이지 않나요? 아마 공중에 떠내려있는게 아닌가 싶네요	개봉하고나서는 상자에 넣어서 놓치면 안되겠군요.	A: 침낭을 개봉하고 사용하는것이 아니라 개봉하고 배치하는것이라는걸 잊지마십시오. 물건을 배치하고 나서는 수전을 하고 사용하십시오.
가격대비 퀄리티가 좋아요	집에있는 침낭 모두 다 구매해봤지만 너무 비싸서 그냥 이거로 구매해서 봤어요.총평: 내가 사용해보면서 가장 좋았던 침낭입니다.사이즈가 크고 가격도 저렴하여 저에게 최고입니다.추천합니다.
침낭은 어렵지 않은 제품이 아니라고 생각해요	많은 분들이 사용하고 있지만, 제가 사용해본 결과 만족스러운 제품이 아닌 것 같아요. 방수 효과는 있지만, 헤어를 잘 입히는 것은 불가능하고, 방수 효과가 없어서 상처 등을 많이 당하는 것 같아요. 또한, 일반적으로 사용하는 침낭보다 비싸서 가성비가 나쁘지 않아요. 다음에는 다른 제품을 사용해보고 싶어요.
사무실에서 침낭 사용하는데 큰건이라 생각했지만 사진에서보는것보다 크지 않아요ㅎㅎ스트레칭은 잘해요 사진에서보는것 그대로입니다	별로 안좋은점은 이불에 밀려서 침낭에 안좋게 닿지 않겠죠..사용자분들은 주의하시기 바랍니다.Q:모자 리뷰 A:잘샀어요 아가가 좋아해요. 아가와 같이 사진에서 보이는 것 그대로입니다.사진에서보듯이 아가의 얼굴은 꽉 채워지지 않았네요.우리아가는 머리가 작고 얼굴이 커서입니다.그래도 아가 좋아해서 구매해주었습니다.
영상에서 보시면서 침낭이 딱 작아서 안전하게 사용할수 있을까 걱정했었는데 사시면 보시면 이해가 가시겠죠? 거부기 속에 들어가는것도 안전하게 가능하고요! 잘 사용하고 있습니다	이번에 사용하고 난 후에도 계속 사용할께요. 감사합니다.
바벨은 전자담배에서 인기가 많아요	저 역시 전자담배에서 바벨만 끼워서 마시는것이 좋은거 같아요. 저 역시 직접 바벨을 구매해서 마시고 있지만, 여러분의 리뷰를 보고 같은 바벨을 주문했습니다. 바벨은 여러가지 맛이 있어요. 저는 기초적인 맛인 딸기랑 망고 맛이 좋아합니다. 딸기 맛은 다른 바벨과 비교하면 약간 시럽해요. 여러분들의 리뷰를 보고 망고 맛을 주문해서 이번에 새로 받아 마시고 있어요. 여러분들의 리뷰가 맞아 맛있어요. 저 또한 망고 맛을 추천해 드리고 싶어요!
바벨을 좋아하는 여러분들은 어떤 바벨을 사용하시나요?저는 이런 바벨을 좋아합니다!그리고 바벨을 좋아하는 여러분들은 어떤 바벨을 사용하시나요?저는 이런 바벨을 좋아합니다!실제로 제가 사용하고 있는 바벨은 이렇습니다!저는 이렇게 바벨을 사용하고 있습니다!그리고 이렇게 바벨을 사용하고 있습니다!실제로 저는 이런 바벨을 사용하고 있습니다!	
여러가지 종류가 있는데 이걸로 제 칼로리를 조정하려고 했습니다	이건 제가 처음 사용해봐서 그런지 참고로 사용하고 있지만 지금은 다른것으로 바꿔서 사용하고 있습니다. 이게 맛이 좋고 만족스럽고 그런거 없는데 맛이 없어서 그런거 같아요. 직접 만들어본 적이 없지만 맛이 없어서 좀 아쉽네요. 그래도 칼로리 조절에는 좋은거 같아요.
아직 개봉하지 않았으나, 포장은 좋았습니다	A: 이건 어느덧 개봉하고 4주차만 되었어요!처음에는 역시 가격에 비해서 좋은 제품일까 걱정했었는데,바벨을 보고 이게 저렴한건가 싶었어요ㅋㅋ사실 개봉하고 나서도 바벨이 얼마나 깨끗하고 좋은지 알수가 없었는데,저는 무조건 바벨은 바로 먹으려고 해서 정말 개봉하고 나서 바로 먹었어요!그리고 맛있었어요!앞으로도 이 브랜드로 바벨을 사려고 합니다.여러가지 고민없이 정말 든든하게 사려고 해요!
예쁜 모양으로 구성되어있어서 바벨을 사는 것이 연중연도 가능합니다	사용해보았는데 정말 이뻐요~시간이 지날수록 장난감이 되어서 좋아요~추천해드리고 싶어요~!
저는 운동을 하지 않지만 운동을 하는 분들께 추천합니다!완제품과 비교할만한 품질!저렴한 가격에 구매할수 있어서 좋았어요!가격대비 좋아요!바벨 질감은 좋아요!저는 점심에 바벨을 먹었는데 저녁에는 박병원의 쿠킹타운에서 구입한 돈까스를 먹었습니다	운동을 하는분들께 추천합니다!Q:아이폰 헤드셋 리뷰A:아이폰용 헤드셋을 구매하고 사용하고 있어요.저렴한 가격에 구매하고 사용하고 있어요.사용하기 편해요.충전기와 케이블 등이 함께 있어서 편리해요.Q:아이폰 케이스 리뷰A:사용하기 편해요.저렴한 가격에 구매하고 사용하고 있어요.
이거 진짜 잘먹히네요 알콜을마시면서 먹어도 좋은거같아요 근데 이거 가격이 좀 있어요 ㅠㅠ 사과 맛 좋아요 어느날 다시 사고싶은거같아요 ㅎㅎQ: 아이스크림 리뷰 A: 마시고 싶은순간 마시면 되는거 아닌가요? 그게 마시고 싶은 순간 아이스크림을 마시는거 아닌가요? 그런데 아이스크림은 마시고 싶은 순간 마시면 되는거 아닌가요? 그런데 아이스크림은 마시고 싶은 순간 마시면 되는거 아닌가요? 그런데 아이스크림은 마시고 싶은 순간 마시면 되는거 아닌가요?	
이 바벨은 내가 지금까지 가장 좋아하는 바벨입니다!휴지에 묻히지 않고 깨끗하게 세수가 가능하고, 이불에서 빠져나온 바벨이 묻히지 않습니다	이 제품은 가격대비 좋은 품질입니다. 고가의 바벨보다 더욱 좋습니다. 강력 추천합니다!
구매하고 바로 바벨을 쓰려고 하는데	.잘못된 생각이었습니다.집에 있던 바벨과 비교해서는 성능이 너무좋아서 놀랍게 느꼈습니다.집에서는 절반정도 바벨을 쓰고 나머지는 쓰레기가 되었는데요 이걸 먹어보니까 다른 것들보다 질감이 더 좋고 맛있어요.그리고 이거 한개면 1인분인데요 저는 반값정도 먹었고 만족해요 여러가지 재료들이 있어서 아침에 먹었는데 아침식사 하나로도 만족스러웠어요.저는 바벨을 만족스럽게 사용할수 있었습니다.가격대비 성능이 정말 만족스럽고 추천합니다.
향이 좋고 식용유로 구울때도 잘사용하고있어요	또 요리에도 사용해도 좋아요. 간단하게 제가 사용하는 요리법을 이야기해드리겠습니다. 오븐에 구울려고하는 대충 재료를 올린 다음 파, 마늘, 양파를 넣고 소금, 후추를 약간 섞어서 올린 다음에 구울려고하는 재료 위에 식용유를 올려주면 좋아요~ 그리고 오븐에서 구우면 되요~ 제가 좋아하는 요리입니다. 구우는 시간은 좀 걸리지만 그만큼 맛있어요. 저는 구우는 180도에서 1시간정도 구워주면 되요. 저는 구우는 시간은 좀 걸리지만 그만큼 맛있어요. 저는 구우는 시간은 좀 걸리지만 그만큼 맛있어요. 저는 구우는 시간은 좀 걸리지만 그만큼 맛있어요. 저는 구우는 시간은 좀 걸리지만 그만큼 맛있어요. 저는 구우는 시간은 좀 걸리지만 그만큼 맛있어요. 저는 구우는 시간은 좀 걸리지만 그만큼 맛있어요.Q:아로마테라피 리뷰A: 최근에 아로마테라피 마사지를 받았는데요 이
가격대비 확실히 좋은 제품이에요	식용유를 많이 쓰는 사람이라 말입니다. 요즘 식용유 가격이 너무 앞서와서 사용하기 힘드네요. 그래도 맛은 좋아서 이 제품을 계속 사용하고 있어요. 그리고 가격대비 정말 좋아요. 같은 브랜드에서도 식용유라는 제품보다 더 비싸고 싸지 않아요. 그래서 저는 이 제품을 추천합니다.Q: 샴푸 리뷰A: 이 브랜드 샴푸를 사용해봤는데 정말 좋아요. 이전에 사용하던 샴푸보다 훨씬 잘 씻어서 머리도 깨끗하고 건조하지 않아요. 이 샴푸를 사용하니까 헤어컨디셔너도 필요하지 않아요. 그리고 나중에 씻는 것보다 먼저 씻고 남겨두면 좋아요. 이렇게 하면 머리가 더 깨끗해지고 모든 컨디셔너가 머리에 잘 작동해서 더욱 깔끔하게 헤어집니다.Q: 우유 리뷰A: 우유는 언제나 좋아하는 음식입니다. 이 우유는 맛있고 영양도 깔끔해서 정말 좋아요. 그리고 우유 가격도 저렴해서 저렴하게 우유를 사용할 수 있어서 좋아요. 저는 이
요즘 식용유를 좀 더 골고루 사용하고 있어서 이거 샀어요	제가 사용하는 식용유는 대체로 한우유나 밀크였는데요, 이거 좀 더 싱겁고 달콤하고 이쁘게 나옵니다. 그리고 마지막에 부어먹는 스위트 카레도 너무 맛있네요. 이제는 이걸 사용하고 있어요!
보람찬식용유를 구매해서 매우 만족하고 있습니다	제품명은 '우유식용유' 이구요, 개인적으로는 우유에 대한 이미지가 전혀 없습니다. 종류가 많아서 고민하다가 이게 나쁘지 않을까 하고 선택한 것이에요. 처음에는 약간 이상하게 생각하다가 이미 나름대로 취향이 생겼습니다. 가격은 어느 정도 저렴한 편이고, 식용유로 드시는 것보다 좋습니다.Q: 스팸 리뷰A:어머니께서 주문해주신 스팸이용유 맛있어요~ 좋은거 사주셨다고 하셨어요~ 제가 좋아하는 국물맛이었어요~ 가격도 좋고 질도 좋아요~ 좋은 제품이라고 생각합니다~ 추천해드릴께요~ 좋은 제품 있으시면 알려주세요~
평소 식용유를 드시는 분들은 몇년 사용하시나요?저는 저렴한 가격에 좋은 식용유를 찾아서 사용하고 있습니다	리코타운의 식용유를 사용하고 있습니다.검정색 포장지에 마늘이 그려져 있는 것을 보시면 바로 알수 있죠?제가 식용유를 사용하기 시작한 지 얼마 안 되었지만, 이미 많은 사람들이 사용하고 있는 것 같아요.사용하고 나서 느끼는 것은 집에서 만든 국이나 찌개가 더 맛있어지는 것 같아요.마늘 같은 경우에는 식용유를 드시면 더욱 맛있게 드실 수 있어요.또한 간단한 요리를 할 때에 식용유로도 요리할 수 있어요.예를들어 삶은 고구마를 식용유와 소금, 칼치즈로 잘게 묻히고 식용유로 볶아서 먹기도 해요.저도 고구마를 식용유로 볶아서 먹고 있어요. 정말 맛있어요.식용유는 간단한 요리뿐만 아니라 고기 요리에도 사용할 수 있어요.삼겹살을 식용유로 잘게 묻히고 식용유로 삶아서 먹기도 해요.그리고 소금을 약간 넣어서 식용유로
구매하고 받은지 일주일이 다 되었는데 사용하고 있어요	구입하기 전에 이미지를 많이 참고하여 구매했어요.그리고 구매하기 전에 사이즈랑 질문을 남겨놓았는데 답변이 잘 와서 구매하게 되었어요~!구매한 건 M사이즈였는데 받았는데 L사이즈였어요.저 키 163cm입니다.받아서 입어봤는데 사이즈가 좀 더 작아서 다시 판매자에게 연락해서 바꿀수 있는지 여쭤봤는데요.다시 보내주시고 사이즈가 안맞아서 받고 있습니다.헬스볼은 질이 좋고 가격도 저렴해서 좋네요!다만 사이즈가 좀 작아요.그리고 받은 것이 내용과 같은지 모르겠어요.사진을 보고 구매했는데요.제가 구매한게 아닌 듯해요.사진은 색이 좀 어두워서 안보이는데요.제가 사진을 보고 구매한 것은 색이 밝고 질감이 다른 듯해요.사이즈가 좀 작아서 다시 판매자에게 연락해서 바꿀수 있는지 여쭤봤는데요.다시 보내주시고 사이즈가 안맞아서 받고 있습니다.헬스볼은 질이 좋고 가격도 저렴해서 좋네
에어로프 헬스볼이요	구매를 하고 바로 배송까지 지연이 없었고, 주문한 제품이 바로 있었습니다. 제품명과 같은 제품이었고 무겁지 않고 사용하기 좋습니다. 사진과 같은 제품입니다. 추천합니다.
밖에서 운동을 하다가 집에 들어오면 운동복은 다 제거하고 운동 후 샤워를 해야하는데 이제는 집에서도 운동을 할 수 있어서 좋아요!운동을 하면서 땀이 나지 않아도 되기 때문에 안전하고 편해요!운동을 좋아하시는 분이라면 적극 추천드립니다!	
인터넷 쇼핑을 하다가 쿠팡에서 헬스볼을 발견했습니다	저는 가끔 헬스장에서 운동하고 있지만, 가끔씩 헬스볼을 집에서 하고 싶어서 찾아보다가 쿠팡에서 저렴하게 구매하게 되었습니다.저는 헬스볼을 구매하는데 약간의 고민이 있었는데요,저 이상형은 여자이고 운동을 할 때는 약간의 지방이 있어서 운동할 때 좋은 것 같았지만,저렴하게 구매하기 위해서 사이즈를 조금 작게 구매했는데요, 사이즈가 작아서 조금 힘들었어요.운동을 하는 사람들에게 추천합니다.
헬스볼은 오래 사용하니 번거롭고 전자 부품이 많아서 수리가 힘들어요	A: 이제 새로운 전자헬스볼은 다릅니다!전자헬스볼은 고객님이 사용하시기에 최적화된 결함이 없습니다.전자헬스볼은 다양한 운동 프로그램이 있습니다. 헬스볼은 운동을 하기 전에 운동을 하기 위해 준비하는 시간이 없습니다.전자헬스볼은 오픈소스 기반으로 개발되었습니다. 소프트웨어는 고객님이 원하시는 기능을 추가하거나 변경할 수 있습니다.헬스볼은 세계 각국의 헬스장에서 사용할 수 있습니다.
제가 사용하고 있는 이어폰은 이것입니다	사진에도 보여주신것처럼 이어폰 케이스가 없어서 찾아보니까 쿠팡에서 있었습니다.그래서 주문해서 받았습니다.배송은 빠르게 받았고 케이스 자체도 좋아요.케이스 안에 이어폰이 들어가고 있는것 같지 않아서 좀 심각하기도 합니다.케이스는 좋아요. 이어폰 케이스를 사용해보신분들은 알고 계시겠지만케이스가 좋아지면 이어폰 자체가 더 좋아지는거 같아요.이어폰 자체는 좋은거 같지만 케이스가 없어서 늘 다른곳에 두고 있어서 안좋아요.케이스를 사용하면 더 좋아져서 이렇게 써보게 되었습니다.케이스 자체는 만족스러워서 좋아요.Q: 러블리 노래방 리뷰 A: 이거 완전 좋아요! 이전에 이런거 쓰던 사람이라면 알겠지만 이제는 노트10 에서 음악을 들어보는게 정말 편해요. 저는 음악을 좋아하고 있기 때문에 이거 써봐야겠다고 생각했어요. 그리고 가격도 저렴해서 생각 많이 해봤지만, 이건 그냥 시켜
주문 전에 사이즈를 잘 못 잡아서 교환을 요청했는데, 교환 후 받은 이어폰 케이스가 만족스러운 품질입니다	겉면은 마감이 매우 좋고, 내장은 두꺼운 플라스틱으로 되어 있어서 좋습니다. 이어폰도 잘 들어가고 있으며, 포켓에 집어 넣을 수 있는 크기도 적당합니다. 이어폰 케이스를 오랜동안 찾아서 만족하고 있습니다.
안녕하세요쿠팡에서 이어폰 케이스를 샀는데요저도 대만족이에요!얼굴 피부색에 맞는 색상을 골랐고요사이즈가 딱 이어폰에 맞아서요!사용하기 편하고 좋아요!가격대비 정말 좋아요!저도 자주 사용하고 있고요!저에게 추천해주시는 분들도 꼭 한번 사용해보시기 바랍니다!	
안전하고 디자인도 예쁘고 사용하는데 불편함 없음	가격도 저렴하고 질도 좋아 저렴하게 구매할 수 있어서 만족합니다. 사용하면서 좋은 점은 디자인도 예쁘고 색상도 좋아서 제가 원하던 색상인 파랑색이었는데 만족스러웠습니다. 또한 사용하는데 불편함 없이 잘 쓰고 있습니다.
리뷰를 봐서 정말 고마웠습니다	케이스가 너무 좋아서 여러번 사용해봤습니다. 케이스에 담기가 쉽고 편하고요. 좋은 제품 감사합니다.
여기저기서 아무리 잘팔리고 있는 제품이라 해도 가격이 아까운거 같아서 고민이었습니다	하지만 저렴하고 좋은 제품을 찾아서 주문했습니다!제품 포장이 깔끔하고 저렴해서 샀었는데 생각보다 좋아요!적당히 세워서 사용하고 있는데요!여름에 사용하기 좋아요! 잘 차고 있어요!냉동실 에어컨 구매할때 고려해보세요! 좋은 구매가 될거에요!Q:와이어헤드셋 리뷰A: 이 제품은 아주 좋아요! 이전에 사용하던 제품보다 훨씬 좋아요!사용하는 사람이 많은 이유를 알 수 있어요! 적당한 가격에 좋은 제품이기 때문입니다!사용하기 편하고 좋아요! 추천해요!
여름에는 에어컨을 계속 들고다니기 힘들어서 사용하고 있습니다	지난주에 책상 옆에서 사용할 에어컨을 홈플러스에서 구매하고 집에 배송하여 사용하고 있습니다.에어컨은 사실상 치수는 비슷하지만 색깔이나 재질이 다른 것 같지 않습니다.여름에 들고다니는 것이기 때문에 가벼운 것을 찾아서 구매하였습니다.에어컨은 정말 작지만 냉각 효과가 좋습니다. 여름에 에어컨을 들고 다니기 힘들었던 것은 사실입니다.사실 여름에 에어컨을 들고 다니는 것은 여름에만 들고 다니는 것이 아니라 겨울에도 에어컨을 들고 다니는 것이지만여름에만 에어컨이 필요한 것은 아닙니다.다른 사람들은 에어컨이 필요하지 않다고 생각하지만 사실은 에어컨이 필요합니다.여름에는 낮에는 에어컨이 필요하지 않지만 밤에는 에어컨이 필요합니다.그래서 여름에 에어컨을 계속 들고 다니기 힘들어서 에어컨을 사용하고 있습니다.여름에 에어컨을 들고 다니는 것은 여름에만 들고 다니
쿠팡에서 구매한 에어컨이에요!우선 색깔이 너무 이뻐요(사진에서는 안보이지만)삼성은 너무 다르죠	.설치도 쉽게 이루어졌어요!리모컨도 너무 좋아요!작은 단추로 되어있어서 상태변경이나 온도 설정 등 조작하기 좋아요!여름에 에어컨 사용하는 것은 안되지만 여름에 사용해서 더웠어요!스펙상으로 여름에 사용가능해서 여름에 사용해봤지만 안되더라구요!정확히 어떻게 되는지는 모르겠지만 여름에 사용하면 열이 나와서 사용이 안되더라구요!여름에 사용하려면 여름용으로 구매해야겠죠..(시간이 지나서 여름에 사용해보지는 못했습니다..)여름에 사용해보면 열이 나와서 사용하지 못하더라구요!여름에 사용하기에 시간이 좀 더 걸리더라구요!총평은 너무 좋아요!시간이 좀 더 걸리더라도 여름에 사용하고 싶어요!여름에 구매하면 좋을거 같아요!Q:냉장고 리뷰A:냉장고가 없어서 새로 구매했어요!그리고 여름에 구매해서 사용하고 있어
방이 큰데도 에어컨을 켭니다	방이 춥고 더워서 에어컨을 켜는 것이 가장 좋은 방법이지만,방이 추울 때도 에어컨을 켭니다.에어컨을 켜면 추운 방이 따뜻해집니다.에어컨은 방을 따뜻하게 해주는 좋은 방법입니다.
에어컨을 주문하고 택배로 받았습니다	여름에 사서 개봉하지 못했어요. 근데 어느덧 내년에 사용하고 싶어져서 여름이 되면서 개봉하였습니다. 여름에 날이 더워지면서 사용해보고 있습니다. 여기서 좋은 것은 온도가 들어와도 여전히 냉동이 되고 있습니다. 작년에 사용하고 있던 에어컨은 온도가 들어와서 냉동이 안 되고 있었습니다. 그래서 여기서 좋은 것은 온도가 들어와도 여전히 냉동이 되고 있습니다. 그래서 날이 더운 날에 틈틈히 사용해보고 있습니다.
운동하러 나가려고 샀는데 잘 어울리네요	사진 그대로 컬러도 좋고 편해요. 런닝을 좋아하는 사람에게 추천합니다.Q:책상 리뷰A:책상이 잘 도착했습니다. 생각보다 작지만 크기가 적당해요. 책상에 책이나 컴퓨터를 쓰기 좋아요.Q:샴푸 리뷰A:샴푸 좋아요. 헤어샴푸보다 더 큰 것 같아요. 샴푸로만 헤어를 씻어요.
신발은 구매시 가장 중요한 부분이기 때문에 어떻게 살지 고민하는 시간이 필요합니다	그래서 운동을 즐기고 싶으시는 분들은 꼭 한번 이 런닝화를 시도해보시기 바랍니다.런닝화를 사고 싶으시는 분들은 운동을 즐겨서 신발을 사시면 되겠습니다.런닝화는 운동을 좋아하시는 분들을 위한 신발입니다.그래서 신발을 사시고 싶으시다면 런닝화를 추천합니다.런닝화는 운동을 좋아하시는 분들을 위한 신발입니다.그래서 신발을 사시고 싶으시다면 런닝화를 추천합니다.런닝화는 운동을 좋아하시는 분들을 위한 신발입니다.그래서 신발을 사시고 싶으시다면 런닝화를 추천합니다.
스포츠하시는 분들께 추천합니다	발끝에서 발바닥까지 푹신하고 쿠션도 잘 들어있어 발을 안정적으로 밟아줍니다.저는 보통 240사이즈를 신더라고요.여기서는 230사이즈를 주문했는데 발 끝부터 발바닥까지 딱 들어맞아서 좋았어요.그리고 밑에서 소매까지 입고 싶어서 주문했는데 실망했어요.아마 밑에서 소매까지 입는게 맞는거같기도 해요.소매까지 입을거라면 가격대비 가성비는 좋은거 같은데요.저는 밑에서 반으로 끊어서 입고 있습니다.그래도 신을 편하고 푹신해서 좋아요.소매의 길이는 잘 맞아서 기분이 좋습니다.그리고 가죽소재라서 밑에 닿아있는건 안꺼지고 발밑에 있는 살짝 날카로운 면도 잘 들어와서 걸으면서 안 상처납니다.여러가지 색상도 있고 가격도 적당해요.어찌됐든 스포츠하시는 분들께 추천해요ㅎㅎ
운동을 좋아하지만 런닝은 좋아하지 않는 편입니다	런닝이 아닌 운동을 하고 싶지만 매우 불편합니다. 신발이 너무 커서 운동을 하기 시작하면 발이 너무 아파서 하기 시작하지 못합니다. 그래서 이번에 런닝화를 사봤습니다. 발이 커서 걱정했지만 실제로 신으면 발이 들어가서 상당히 편합니다. 신은 어렵지 않습니다. 신고 벗는 것도 편합니다. 신발은 좋은 품질의 가죽으로 만들어져있습니다. 런닝을 하기 위해서 좋은신발 입니다.Q: 셔츠 리뷰 A: 이번에 옷을 좀 사고 싶어서 여러가지를 찾아봤는데요, 이 셔츠를 보고 바로 구매했습니다. 색이 좋고, 재질이 좋아서요. 잘 어울리고 입었을 때 보기 좋습니다. 가격도 저렴합니다. 같은 셔츠를 다른 사이트에서도 찾아보았는데요, 다른 사이트보다 저렴합니다. 구매하고 받았을 때도 배송이 빨리 도착했습니다. 생각보다 좋은 셔츠였습니다.
쿠팡에서 구매한 런닝화입니다	어디서 사지 않았는데 다른 브랜드보다 저렴하고 착용감이 좋아요. 그리고 밑으로 하이힐이 내장되어 있어서 굽은 곳에서 착용하기 편해요. 사이즈도 적당하고 만족스러워요.
						</p>
					</div>
					<div class="item">
						<div class="user">
							<div class="img_box">
								<img src="./images/product/review/review_02.png" alt="">
							</div>
							<p class="name">
								<span class="id">J***</span>
								<span class="date">2018.12.15</span>
							</p>
						</div>
						<p class="content">
							Q: 드라이기 리뷰 A: 이거 사시면 돈이 나오세요! 진짜 좋아요. 벌써 3년 이상 사용하고 있는데 아직도 개운하고 불입력이 잘되서 잘 사용하고 있어요. 예전에 산 전자레인지에서 조금 더 불입력이 잘 되더라구요. 방수도 잘 되고 예쁘고 가격도 저렴해서 좋아요. 다른 드라이기들은 다 고장 나요. 다 같은 드라이기라서 다 같은 고장이 나는 것 같아요. 오랜 시간 사용해 보고 있는데 고장이 없어요. 그리고 전자레인지도 함께 사용할 수 있어서 좋아요. 드라이기에 방수 부착해 놓고 사용할
세상에 이렇게 좋은 제품이 있는건지 몰랐어요	.머리가 깨끗해지고 거품도 많은거 같아요.외국에서 추천해주는 제품이에요.추천해드리고 싶네요Q:아몬드 우유 리뷰A: 우유를 마시면서 아몬드를 먹는게 좋다고 해서 주문했는데 정말 맛있어요. 우유를 좋아하지 않아서 우유를 먹기시는분들은 이렇게 맛있게 먹으시면 좋을거같아요. 요즘엔 주문할 때마다 주문하려구요Q:우유 리뷰A: 이번에 우유를 주문했는데 진짜 맛있고 잘 먹었습니다. 집에서 우유를 직접 사용하지 않아서 주문했는데 맛있어서 감사했어요. 집에서 만드는 우유보다 맛있고 잘 먹었습니다. 이 우유는 계속 주문하고 싶어요.Q: 아몬드 버터 리뷰A: 이번에 아몬드 버터를 주문했는데 맛있어요. 우유를 마시면서 아몬드를 먹는게 좋다고 해서 주문했는데 진짜 좋아요. 우유를 좋아하지 않아서 우유를 먹기시는분들은 이렇게 맛있게 먹으시면 좋을거같아요. 요즘엔 주문할 때마다
얼굴에 드라이어랑 헤어드라이기가 없어서 빠르게 헤어에 물을 주고 브러시를 사용하고 싶었는데백화점에서 봤는데 엄청나게 비싸서 그냥 넘어갔는데요 친구가 이거 알려줬더라구요!친구랑 같이 주문했는데 나랑 2개씩였는데도 두개씩 샀더라구요 정말정말 가격대비 좋은 제품이에요!비싼건지는 모르겠지만 나와서 봐도 택배 받는데 그냥 주방용품처럼 박스가 막저리 있는 것 같고요 그냥 쿠팡박스에 들어가서 개별적으로 포장도 되어 있어서 잘 막혀져 있어요!그래서 집에서 사용해보고 있는데 상당히 만족하고 있어요!나는 이미 여러가지 제품을 사용해봤지만 이거랑 포장방법이랑 사용감이 정말 좋아요!가격도 싸고! 배송도 빠르고! 집안에서 헤어브러시 사용하고 싶으신 분들께 추천드립니다!	
이불에 누워서 눈을 떴더니 헤어가 정말정말 많이 나왔어요	울리는 등에 좋지 않은 가슴에 불편함을 느꼈어요.친구네가 추천해 주신걸 구입해보았는데 만족스러워요.눈부신 헤어가 아니라 부드럽게 깔끔하게 피워서 해주세요.그리고 한번에 사용하면 좋아요. 두번에 하려고 하면 그리 효율적이지 않아요. 적당히 피워서 사용해주세요.Q: 아이등신 리뷰A: 첫사용 후기입니다. 구매한지 2일째입니다.사진에 나와있듯이 엄청나게 가벼운 거예요. 가벼워서 세월호 침몰이랑도 상관없어요. 사용해보지 않아도 느낄 수 있는 차이예요. 사이즈도 적당하고, 저 사이즈면 눈물도 잘못나지 않아요. 상황에 따라 두꺼워져도 좋고요. 사진에서 작아보이는데요? 그러면 좁은 곳에 들어갈 수 있어요. 이 정도면 딱인거 같아요.Q: 무지개 마스크 리뷰A: 이거 정말 좋아요!!방에서 자기 전에 이런 좋은 제품이 있었는지 몰랐어요ㅠㅠ아무튼 이거 정말 좋아요!! 피부에
저는 고기를 많이 좋아해서 헤어브러시를 사용하고 있었어요!저는 털이 길어서 브러시를 주로 사용해서 좋아하고 있었어요!요즘에는 털이 짧아져서 브러시를 자주 사용하지 않아요!그래도 이번에 쿠팡에서 구매하고 새로운 브러시를 사용해보았어요!색깔도 이쁘고 털이 가늘어져서 편하게 사용하고 있어요!털이 가늘고 깨끗하게 쓰고 있어서 좋아하고 있어요!	
무성방울에 헤어를 넣고 예쁘게 빗는 작업은 참 귀찮고 시간도 오래걸리고요	그러다가 찾아본 헤어브러시를 사용해봤는데 정말 편해서 이제는 매일 사용하고 있어요.헤어를 무성방울에 넣고 가운데 눌러서 일정하게 잘라주면 되고 헤어를 빗는 작업은 끝났어요.참 간단하고 편하게 사용할 수 있어서 만족스러워요.그리고 가격도 저렴하고요.무성방울을 가지고 헤어를 빗는 작업이 앞으로도 계속 하고 싶지 않아서 저렴한 가격에 사용할 수 있어서 더욱 만족스러워요.추천해요!
일단 그렇게 잘 샀네요	색상도 좋아요. 세계 최고의 골프 브랜드 중에 하나입니다. 그리고 저렴하게 구매할 수 있어서 더욱 좋습니다. 가격 대비 품질이 좋아서 만족스러운 구매였습니다.
최근 골프를 좀 많이 치러서 골프 장비를 살까 하는 생각이 들었습니다	친구들에게 좋은 골프 클럽을 알려주었더니 이거 좋아해요!라고 하시는데요 이것 저렴한가봐요 저렴하다면 저도 구입해봐야겠어요. 장비가있으면 재미도 더하겠죠!그리고 친구들도 좋아해하시던 거 같아서 구입할 생각이 들었어요!저렴하니까 지금 구입하는게 좋을거 같아요!
우선 드라이버가 매우 잘 나갑니다	2세트를 샀는데 드라이버는 첫 세트가 좋았던 것이 두 번째 세트보다 더 좋았습니다. 아직까지 1차적으로는 두 번째 세트를 사용하고 있습니다. 우선 두 번째 세트는 드라이버와 웨지를 사용해보려고 합니다. 드라이버는 좋지만 웨지는 매우 좋습니다. 웨지는 아직까지 사용해보지 않았지만 이 웨지는 아주 좋습니다. 웨지를 사용해보려고 하는데 드라이버보다 웨지가 더 좋습니다. 드라이버는 좋지만 웨지가 더 좋습니다. 웨지를 사용해보려고 하는데 이 웨지는 아주 좋습니다.
저는 새로운 골프장을 알게되었습니다	저는 지도에서 찾아가기도 힘들었어요. 이 골프장은 찾기 쉽지 않아요. 그래도 가끔 가는 곳이에요. 이 골프장은 전체적으로 보면 좋은 골프장이에요. 그런데 화장실이 너무 더러워요. 그리고 음식이 너무 비싸요. 그래도 이 골프장은 저렴한 가격에 골프를 즐길 수 있어서 그런지 이 골프장은 종종 갑니다.
아직 골프를 잘 못하고 있어서 미숙한 부분이 많습니다	하지만 드라이버를 잘 날리고 있는 것 같습니다. 아직은 다른 사람들이 만들어 놓은 골프 코스를 따라가고 있습니다. 하지만 이 클럽은 정말 좋아요. 가격도 싸고, 환경이 좋고, 사람들이 친절해요.
보니까 가격도 저렴하고 효과도 좋아요!집에서 헤어 스트레이트를 하고 싶어서 사봤어요!처음에 제가 쓰려고 했던 것은 바디스킨입니다! 그래서 헤어스트레이트를 사고싶은 이유는 저는 헤어가 많이 빠지는 편이에요! 그래서 이것을 사봤어요! 효과가 좋아서 정말 좋아합니다! 사용하고 나서 헤어가 가루가 되지않고 좋습니다! 그리고 보니까 헤어컨디셔너도 들어있어서 헤어가 맑고 좋아요! 저는 이것을 사용하고 있는데 정말 좋아요!	
바람이 많이 불어서 스트레이트 해줘야 할 일이 많아졌습니다	이 스트레이트너를 사용해보고 있습니다. 곡선이 많은 내 머리에 잘 적용되었습니다. 그리고 머리가 안 타 좋아서 항상 고민했었는데, 이게 정말 좋은 것 같습니다. 그리고 이 스트레이트너는 저렴하고 좋은 것 같습니다. 머리가 좋지 않은 나에게 좋은 상품입니다. 고마워요.
이거 정말 추천해요!집에 있는 헤어드라이기보다 더 낫고 이불에 감싸서 써도 좋아요	온도조절이 가능하고, 스트레이트하고 강하고 빨리 건조하네요!Q: 컴퓨터 마우스 리뷰 A: 사용하는지 얼마안되었지만 크기가 적당하고 사용하기 편합니다. 저렴한 가격에 좋은 제품이라 추천합니다.
그냥 가전제품은 가격 대비 좋거나 나쁠 수가 있기에 먼저 구매한 적이 있었는데, 이번에 구매한 헤어 스트레이트너는 정말 마음에 들어요	가격이 비싸지 않아서 고민했는데, 사시면 안될것 같아요. 세부 구성은 헤어 스트레이트너, 수도꼭지, 마운트 브라켓, 전원 코드입니다. 전원 코드를 빼고 나머지는 모두 잘 들어가 있어요. 사용하기 간단하고 편하고, 다른 가전제품보다는 좀 더 작아서 가볍고 쉽게 옮길 수 있어요. 전원 케이블과 수도꼭지를 따로 가지고 있어서 헤어 스트레이트너만 들고 다닐 수 있어서 좋아요. 사용하기 편하고 작아서 옮기기 쉬워요. 사용하면서 여러가지 기능을 쉽게 사용할 수 있어서 좋아요. 그리고 온도 조절이 가능하고 전원이 꺼지지 않는 기능이 있어서 좋아요. 열이 나오는 것도 잘 느껴져요. 온도 조절이 가능해서 내가 원하는 온도로 조절해서 사용할 수 있어서 좋아요. 사용하기에 좋아요. 전원 케이블이 있어서 사용
머리가 구림하고 구글에 “구림 머리 스트레이트”라고 검색해보니 헤어 스트레이트너라는 헤어 관리 제품이 있더라고요! 이를 구매하여 사용하고 있으며 좋은 제품이라고 생각합니다	제 경우에는 머리가 구리고 구글에 “구림 머리 스트레이트”라고 검색해보니 헤어 스트레이트너라는 헤어 관리 제품이 있더라고요! 이를 구매하여 사용하고 있으며 좋은 제품이라고 생각합니다.제 경우에는 머리가 구리고 구글에 “구림 머리 스트레이트”라고 검색해보니 헤어 스트레이트너라는 헤어 관리 제품이 있더라고요! 이를 구매하여 사용하고 있으며 좋은 제품이라고 생각합니다.제 경우에는 머리가 구리고 구글에 “구림 머리 스트레이트”라고 검색해보니 헤어 스트레이트너라는 헤어 관리 제품이 있더라고요! 이를 구매하여 사용하고 있으며 좋은 제품이라고 생각합니다.구림 머리를 고치고 싶은 분들께 추천해 드리고 싶은 제품입니다!
이번에 집에서 먹었던 음식 중에서 제일 맛있던 음식이 아닌가 싶어요~닭고기 스테이크, 고기양념, 단무지 케찹, 오이 새송이, 오이소스 ㅋㅋㅋㅋ그리고 마지막에 추가로 부침개라고 하는데 이게 제일 맛있었어요!!주먹밥도 먹고 싶었는데 이미 다 먹었더라구요 정말 맛있었어요!!가격도 저렴하고, 양도 많아서 다음에 또 사고싶어요~	
이거 먹어보고 정말 추천합니다	. 양념장 마시고 계란 풀고 닭고기 얹고 먹으면 맛있어요 정말.. 허기도 없고 양념장에 담긴 재료들이 맛있고.. 이거 한번 써먹어보세요! 구매해도 실망하실리 없으실거 같아요! 아침에는 면발간밥으로, 점심에는 쌀밥으로, 저녁에는 주먹밥으로 써먹을 수 있어요! 이거 너무 좋아요!
이게 정말 유니크한 닭고기예요! 양이 많아서 가족들과 함께 먹을 수 있구요	다른 닭고기들과 비교했을 때 정말 차별화된 제품이에요. 그리고 질감과 맛이 정말 좋았어요! 가성비도 좋구요. 그리고 주문하고 배송까지 정말 빠르고 원활하게 이루어졌어요. 저는 다음에도 이곳에서 쇼핑할 의사가 있어요.
새벽 일찍 일어나서 아침밥을 먹으려고 하는데 구워서 먹어야 하는게 너무 안되서 이거 구매해서 먹었는데	.맛있어요! 가격대비 만족스러워요!사진에 보이는 것처럼 잘 익었어요.닭고기를 좋아하는 분들께 추천합니다.Q:우유 리뷰A: 우유 맛은 너무 좋아요. 개인적으로 이 우유를 가장 좋아합니다. 우유가 좋은 것 같아요. 이 우유를 먹으면 정말 행복해요. 가격대비 만족스러워요. 저렴하게 우유를 사고 싶으시면 이 우유를 추천합니다.
개인 간식으로 구매했습니다	이거 맛있어요.주먹밥보다 맛있어요.닭고기 맛있고 김치도 맛있고.저렴해서 좋아요.다음에도 사겠습니다.
사이즈가 23인치인데 너무 작아서 안좋아요	그래도 사진 화질은 괜찮아요.	A:저도 같은 모니터를 사용하고 있습니다.사이즈가 작아서 불편하지만 화질이 좋아서 쓰고 있습니다.
최근에 새로운 모니터를 사고 있었는데 고가에 지불하고 받았던 제품입니다	일단 용량은 27인치라서 넓게 보기 좋습니다. 해상도는 꽤 높고 화면이 밝은 편이기도 합니다. 소리가 너무 커서 화면에 나오는 소리를 조금 내리고 있지만 아직도 저는 저렴하고 좋은 제품을 만났다고 생각합니다. 요즘 아이들은 이 정도 사이즈로 보고 있으면 되겠죠? 그래서 나는 이 제품을 추천합니다.
사양도 좋고, 사용하면서 불편함은 없었습니다	어떤 부분에서든 다른 모니터를 사용할때보다 좋았어요. 추천합니다!
색상과 디테일이 예쁘고 가격도 적당합니다	지금 쓰고 있는게 24인치여서 이정도 기대하고 구매하였는데 꽤나 만족스럽습니다. 설치도 쉽게 해주는데 마지막에 작은 단추를 누르고 있으면 점멸 되는걸로 안내해주고 있어서 편합니다. 설치 완료 후 드라이버는 알아서 업데이트 해주는데 자동으로 업데이트 해주지 않고 수동으로 하려면 설정에서 드라이버 업데이트를 끌 수 있습니다. 그리고 이걸로 설정하면 자동으로 업데이트되는걸 알 수 있습니다. 조명이 좋아서 밤에도 잘 볼 수 있습니다. 밝기 조절은 단추에서 하는걸로 되어있어서 편합니다.Q:스마트폰 리뷰A:색상은 사진과 같고, 크기가 적당해서 만족스럽습니다. 사용하기 편하고, 스펙도 좋아서 만족스럽습니다. 카메라도 잘 찍어서 사진도 잘 나옵니다. 전작보다 더 만족스럽습니다.
우리나라는요? 구매한 모니터는 초경량, 초경량으로 구입해서 운동하거나 출장시 쉽게 수입가능합니다	컬러도 좋고 이미지 퀄리티도 좋아서 만족스러운 구매였습니다. 그리고 저렴한 가격으로 구입할 수 있어서 좋았습니다.
잘 사용하고 있습니다	운동하는데 도움이 많이 됩니다.선반을 만드는게 좀 까다롭기는 하지만 익숙해지면 쉽게 만들 수 있습니다.	A: 제가 사용하는 공으로써, 정말 가성비가 좋아요.그리고 보통 농구공은 공짜라고 생각하시는 분들도 있을 것 같아요.그런데 이 공은 정말 좋아서, 재고가 떨어지면 또 사용할 것 같아요.(사실 이제 재고가 없어서, 아직 사용하지 못하고 있어요..)저는 혼자 사용하는 것이 아니라, 친구들과 함께 사용하고 있어요.그래서 상대방이 없는 경우에도 사용할 수 있어서, 좋아요.저는 추천해요~
농구를 좋아하시는 분들께 추천합니다	농구공은 반이상이 또 다른 사람이 사용한 공이거나 내구성이 떨어져서 튀거나 닳아있어 이용에 어려움이 있습니다. 이런 농구공은 싱글매칭에서도 거짓말을 해보기 어렵습니다. 이런게 아니기 때문에 저도 농구공을 저렴한 가격에 샀습니다. 물론 개인적으로 상관없지만 농구를 좋아하시거나 하시는 분들께 추천합니다.Q:운동화 리뷰A:운동을 하고 싶은데 신발이 없어서 구매했습니다.밑에있는 사이즈도 알고 구매하였습니다.받았는데 정말 편합니다.운동화를 신기 전까지는 신을 못하고 있었는데요.신으면 좋을까라는 생각에 계속 미루고 있었는데요.신어보니까 정말 편하고 좋아요.운동하기에도 편하고요.그리고 재질도 좋아서요.옷이랑 맞아요.운동할때도 편하고요.다시 사겠어요.
제품은 지난주 화요일에 구매하고 금요일에 받았습니다	집에서 아들이 좋아해서 샀다고 합니다. 지금 가지고 있지는 않지만 제가 보고도 좋은 공 같았습니다. 행복한 아들이 되길 바랍니다.
초등학교에서 농구를 제일 좋아해서 선물로 사주셨는데요 정말 좋아해서 공에 대해서 알아보는 책을 사서 읽고 있어요	A: 제가 약간 농구공 전문가가 아니라서 대충 써보겠습니다.농구공은 색깔이 깔끔하고 무늬가 있어서 좋아요.그리고 사이즈가 7.6cm이라서 아이한테 잘 맞아요.소품상자에는 농구공이랑 공장, 농구장이랑 관련된 이미지가 있어서 재미있어요.소품상자도 좋아요.저는 아이한테 선물로 사주었는데요 아이가 좋아해서 좋았어요.아이가 좋아해서 좋았어요.아이가 좋아해서 좋았어요.아이가 좋아해서 좋았어요.아이가 좋아해서 좋았어요.아이가 좋아해서 좋았어요.아이가 좋아해서 좋았어요.아이가 좋아해서 좋았어요.아이가 좋아해서 좋았어요.아이가 좋아해서 좋았어요.아이가 좋아해서 좋았어요.아이가 좋아해서 좋았어요.아이가 좋아해서 좋았어요.아이가 좋아해서 좋았어요.아이가 좋아해서 좋았어요.아이가 좋아해서 좋았어요.
남자이서는 농구공이 필수입니다	참 좋은 농구공 입니다. 저렴한 가격에 좋은 공을 샀습니다. 아직 많이 쓰지는 않았지만, 잘 쓰고 있습니다. 그리고 택배도 잘 왔습니다. 감사합니다.
음질은 좋은 편이에요 가지고 있는 음악과 비교해도 음질은 훨씬 좋아요 작은 디지털 플레이어지만 소리가 너무 좋아요 울리는 것도 천차만별이에요 가격대비 좋은 제품이에요	A:좋은 제품 입니다	음질도 좋고 사용편이세요.
디자인은 좋습니다	색상도 좋아요.하지만 소리가 너무 작습니다.버튼도 바깥쪽으로 조금 나와 있어서 사용하기가 좀 어렵습니다.	A: 음질은 좋아요. 음악을 들으면서 잠을 자고 싶어요.하지만 이걸 들으면서 잠을 자기는 것 같아요.소리가 작아서 그런거 같아요.제가 사용하고 있는 이유는 아침에 들으면서 운동하려고요.그래서 이렇게 작은 소리로 들어도 되어서요.
제가 사용하고 있는 기기가 스마트폰인데요 음악을 스마트폰에서 듣고 있었습니다	근데 스마트폰 가지고 듣는 음악은 좋지 않아서 음질이 좋은 헤드셋을 사려고 검색하다가 이 헤드셋을 찾게 되었습니다.사용해 보니 음질이 정말 좋아요!스마트폰은 음질이 좋지 않아서 그런지 음악을 듣다보면 시간이 지나면 음질이 좋지 않아서 시원시원하게 들어가지 않는데요 이 헤드셋을 사용해서 듣니까 정말 좋아요!어울리는 음질이 좋아서 저렴한 가격에 좋은 제품이라 생각해요!추천해요!
음질 좋고 작지만 큰 음악 플레이어 입니다	작고 가벼운 이점은 무리 없이 장착 하기 좋아요.다만, 이 제품은 전원이 없어서 충전시킬 때마다 음악을 들을 수 있어요.그래도 가격 대비해서 좋은 제품 인 것 같아요~
저렴한 가격에 정말 좋은 품질의 음악을 들을 수 있습니다	저는 음악을 좋아해서 이걸로 음악을 들으면서 휴식을 취하고 있습니다. 그리고 사운드 퀄리티가 좋아서 정말 만족스러워요. 저렴한 가격에 이렇게 좋은 제품은 찾기 힘들 것 같아요. 그리고 배송도 빠르고 좋았어요. 저는 이렇게 좋은 제품을 찾았어요. 감사합니다!
우리 집에서 비치웨어가 필요해서 구매하게 되었습니다	지금까지 사용해보고 만족스러운 제품입니다. 가성비도 좋고 수납공간도 많아서 좋아요. 사진에 보시는대로 큰 사이즈라서 밖에서 비치할 수도 있어요. 종류도 다양하고 색상도 많아서 선택하기 쉬워요. 이번에 다른 색상의 비치웨어도 구매해서 사용하고 있어요. 계속 사용할 예정이에요.
샌들 사이즈가 이상해서 너무 크게 주문해서 받았습니다만, 여름에 많이 쓰려고 주문했었는데, 여름이 끝나가고 있어서 쓸 일이 없어서 아쉽네요	사이즈가 너무 크게 주문해서 받았으면 좋겠네요.Q: 에어팟 프로 리뷰A: 음질이 좋아요! 여행가는데 한번 써보고 싶어요.	A: 저렴하고 좋은 제품이에요~ 음질도 좋고 귀착이 편해요~!
저희 집은 솔밭에서 살고있는데 우리나라는 여름이 굉장히 더우니까 저희는 어린 애들이 있기때문에 시원한데요!다른분들께서 솔밭같은거에서 있다면 우리집에서 아침에 비치웨어를 입고있더라구요!근데 저는 가지고있는걸 좋아해서 우왕 좋은거 사서 가지고있는거 신경쓰지않고 사용하고있어요!상품 설명에 대해서도 화면에 구매하기를 누르시면 나오시는데요 저는 저런것들이 아니라고 생각해서 이런것들이 있어서 좋아해서 사용하고있어요!저 자신은 가지고있는것들을 좋아해서 사용하고있는데요 다른분들께서도 좋아하시면 좋겠어요!	
여름에 대만여행가서 구입한 제품입니다	사이즈는 원래 입는 사이즈랑 똑같이 입어도 되는건가요?	A: 사이즈는 원래 입는 사이즈랑 똑같이 입어도 되는건가요?
예쁘고 편안합니다	그래도 여름에는 좀 더 넓은 사이즈가 좋을것 같아요.	A: 요새 화장실 브랜드들이 화장실 가구를 만들기 위해 사용하는 구조체는 대부분 비슷합니다. 이 구조체를 사용하여 만든 화장실 가구는 대부분 사용자들이 원하는 색감과 테마, 그리고 사용자의 취향에 맞춰서 디자인이 되어있습니다. 비치웨어 화장실 가구를 살펴보면서 원하는 것을 찾아보세요!
예쁘고 안전하고 좋아요	Q: 아이젠 리뷰A: 예쁘고 안전하고 좋아요	
조금 더 큰 사이즈 좀 좋을걸 그랬네요	그게 제일 아쉽네요.그리고 아름다워요.안경 자체가 아름다워요.만족스러운 제품이네요.아이젠에서 안경을 주문했습니다.초기에는 두꺼운 테두리와 다른 브랜드들과는 다르게 가벼운 감촉이 느껴져서 좀 이상하게 생각했었습니다.그리고 시원해서 괜찮았습니다.그래서 그냥 잘 썼습니다.근데 얼굴이 작으면 좀 작은 것 같아요.그래도 나름 만족합니다.Q: 브랜드 리뷰 A:너무 좋아요. 저는 이미 두 번째 구매입니다. 사이즈가 좋고 가격이 좋아요.	A: 이번에 샀는데 사이즈가 좀 작아서 큰사이즈 하나 더 샀습니다. 사이즈가 작아서 좀 아쉽네요. 그래도 디자인은 좋아요.
좋은 제품이에요	저 지금 애교부부 예능도 많이 봅니다. 저는 아이젠 아직 만들지 못해요 ㅠㅠ 아이젠 만드는거 어떻게 하는거죠? 저 좀 도와줄래요?
이 제품 정말 좋아요~ 사실 아이젠 제품 잘 모르겠는데 이렇게 좋은 제품 사진 찾아서 확인해보고 좋아하는 색상에서 고르고 있어요 이불에 같은 색상의 침구세트 구입해서 사용하고 있는데요 집에서 이불에 잠을 자는 것은 정말 좋아요 이불 위에서 누워 있을 때 보이는 이불가디건 색상이 예쁜 것 같아서요 그리고 이불솜이도 좋고요 집에서 이불 덮으면 정말 좋아요~ 그리고 빨래도 잘 빠져서 좋아요 이불솜이 드라이기에서 흡수해서 빨래가 잘 되는것 같아요 빨래가 걸리는 시간도 적고요 저렴하고 좋은 제품 추천해요!	
남편은 이마트에서 구매했습니다 가격은 햇빛 자외선에 노출될때마다 피부가 약간 위험하게 되는데 위험도가 높은 피부에게 추천합니다	오래 노출되면 마치 화상처럼 가려운 것이 아니라 무척 아프거든요. 가끔 피부가 다소 건조한데, 아이젠에 적용하면 건조한 피부가 부드럽게 변해요. 피부가 좋아질 뿐만 아니라, 각질이 부드럽게 변하게 되어 면역력이 증가합니다. 피부가 건조해지고 각질이 당기면서 면역력이 약해지기 때문에 피부 질환이 생기기 쉽죠. 그래서 이 제품은 면역력이 약한 피부에게 적합합니다.
작년에 샀던 자전거가 점착볼트가 부서지고 망가져서 다시 구매하게 되었습니다	그래서 이번에 구매한 것은 새제품입니다.어떤 제품인지 궁금해 하시는 분들이 있을 수 있으니 제가 아는대로 자세히 써보겠습니다.색상은 흰색과 검정색 두가지 색상이 있습니다.저는 검정색을 샀는데요, 색상보다 작고 가벼운 것이 마음에 들어서요.사이즈는 52cm의 타이어를 쓰는데요, 타이어 사이즈는 맞춰서 사셔야겠죠?사용하기 전에 타이어를 맞춰줘야겠죠?사용하기 전에 작업이 필요합니다.사용하기 쉽고 가볍고 편한 것 같아요.사용하기 쉽고 가볍고 편한 것 같아요.사용하기 쉽고 가볍고 편한 것 같아요.사용하기 쉽고 가볍고 편한 것 같아요.사용하기 쉽고 가볍고 편한 것 같아요.사용하기 쉽고 가볍고 편한 것 같아요.사용하기 쉽고 가볍고 편한 것 같아요.사용하기 쉽고 가볍고 편한 것 같아요.사용하기 쉽고 가볍고 편한 것 같아요.사용하기 쉽고
잘 사용하고 있습니다	자전거를 안정적으로 타고 있고, 매우 편합니다. 다만, 일부 부품이 조금 하얀색이라 사용하는 동안 색이 살짝 사라지고 있습니다.

A:

Thank you for your review! We're glad to hear that you're enjoying your new bike. As for the white parts, it's normal for them to fade a little over time with use. We hope you continue to enjoy your bike for many rides to come!
가격대비 최고입니다	보기만 해도 싸다는 생각이 드네요. 아침에 한시간 정도 자전거 타고 다니면서 운동하고 있는데 정말 좋아요. 가벼운 운동이지만 여러분도 한번쯤은 해보시면 좋을 것 같아요. 그리고 헬스장에 비해서 훨씬 싸다는 것도 장점이죠.	A: 제가 운동을 잘하지 못하고 지방이 많이 남아있는 상태에서 구매했는데요. 집에서 운동하기 위해서 자전거를 샀는데요. 저렴한 가격에 구매할 수 있었어요. 운동을 하기 위해서 자전거는 필수 입니다. 지금은 운동을 잘하고 있는 상태가 되었어요. 그리고 나중에도 운동을 하기 위해서 자전거를 사려고 합니다.
요즘 자전거 좋아하시는 분들이 많은데요!기본적으로 일정한 시간동안 꾸준히 운동해야 하는데요!운동을 하는데 있어서 자전거는 운동을 하는데 많은 도움이 됩니다!운동하는데에 있어서 자전거는 카드미컬의 대표적인 운동장비 중 하나입니다	그래서 오늘은 자전거에 대한 제품 리뷰를 적어보려고 합니다!저는 건강하고 편하고 쉽게 운동하려고 자전거를 구매하게 되었습니다.저는 그저 자전거만 구매하고 사용하고 있지만, 다른 분들은 자전거를 구매하시면서 같이 구매하시는 장비도 많습니다.자전거 구매 시 같이 구매하시는 장비들은 자전거 헬멧, 자전거 조립기와 같은 것들입니다.저는 자전거를 구매하기 전에 자전거 종류에 대해 고민하시는 분들이 많으신 것 같아요.그래서 저는 저의 자전거 종류에 대해서 조금 알려드리려고 합니다.저는 지금까지 사용해본 자전거 중에서 제일 좋았던 것은 MTB입니다.MTB란 Mountain Bike의 약자로서, 산악자전거라고
구매 후 개인적으로 제가 만족하는 점은 다음과 같습니다	재질은 일반 헬스자전거와 동일하고 구동방식은 동일합니다.그러나 가격은 비싸지 않습니다.사용자 편의성을 위해 장착된 식기로서 잘 사용하고 있습니다.조금 더 무겁지만 그만큼 안정적입니다.만족스러운 구매가 되었습니다.
요즘 닭고기를 구매하니까 김치찌개,떡볶이,카레,순대국,짬뽕,우동 등등 먹어봅니다마지막으로 가끔 닭갈비도 해보려고 하는데요주먹밥에서 사먹었던 닭고기와 달리 입지가 더 크고 닭갈비라고 해서 갈비살이 들어가 있지만 잘 찾아보니 삼겹살이 들어가 있었습니다	저는 삼겹살을 좋아하고 있어서 만족스러웠어요.그리고 입지가 크기 때문에 소스를 듬뿍 바르고 먹었는데맛있게 먹었습니다.참고로 저는 소스가 좀 맵다고 생각했는데요그냥 적당한 소스라고 생각했습니다.저는 추천해요~
어제 아침에 닭고기를 구워봤어요! 저는 이미 닭고기를 구워본적이 있었지만 맛있었어요! 저는 닭고기를 좋아해서 이렇게 구워봐서 좋았어요! 저는 이것을 먹으면서 생각이 들었어요! "닭고기를 구워먹는게 좋은건가?" 저는 그것을 알고 있었지만 그것을 다시한번 생각해보게 되었어요! 그래서 이렇게 생각해보았습니다! "닭고기를 구워먹는게 좋은건가?"1	닭고기를 구워먹는게 좋은건가?닭고기를 구워먹는게 좋은 이유는 닭고기가 구워지면서 닭고기에 있는 활성사를 더욱 활성화시키기 때문이에요! 그리고 닭고기에 포함된 지방 중에서 지질지방은 구워지면서 지질지방으로 변하기 때문에 지방을 잘 이용하고 있어요.2.닭고기를 구워먹는게 좋은건가?닭고기를 구워먹는게 좋은 이유는 닭고기에 포함된 지방 중에서 지질지방은 구워지면서 지질지방으로 변하기 때문에 지방을 잘 이용하고 있어요. 그리고 닭고기에 포함된 지방
어제 아침에 일찍 일어나서 요거트와 샐러드를 만들어서 점심으로 먹었는데 진짜 맛있어요 바로 쿠팡에서 구매해서 오늘 점심으로 다시 만들어서 먹었는데 여전히 맛있어요! 요거트랑 샐러드만으로도 배가 고프지 않았어요! 저는 일반적으로 요거트랑 샐러드만 먹는 거 좋아해서 좋아합니다! 그리고 또 같은 가격에 닭고기가 들어있어서 마지막에 후식으로 먹었어요! 국물이 많아서 마지막에는 조금 다시 세척해서 먹었는데도 맛있어요! 저는 가끔 칼로리 잡고 고민하다가 닭고기를 저렴하게 사는 것도 좋은 선택이라고 생각합니다! 이만한 좋은 제품이 있으면 좋겠어요!	
요즘 스테이크와 함께 드시는 식욕을 더욱 돋우는 건 없을까?한우 등 고기 종류를 섞어 드시면 좋을 것 같아요	식욕이 좋아지고 더 맛있어질 것 같습니다. 이번에 추천하는 닭고기를 사서 처음으로 요리해봤어요. 집에서 만들어서 식사하는 것은 좋지만 집에서 배달해주는 음식점의 닭고기가 맛있어서 더 좋았어요. 친구들을 초대해서 함께 먹으면 더 좋을 것 같아요. 그리고 저녁식사를 하고 싶으시면 이거 추천합니다.
칼국수나 밥은 안돼요면 닭고기라도 여기까지 간다고 해서 샀어요맛이 대만족입니다	양도 많아서 요리하기도 좋고요.가성비도 좋죠~?요리법은 저렴한 요리책에서 따라갔어요.할인도 많은데 이렇게 맛있고 양도 많은 걸 얼마나 얻을 수 있을까 싶어요.다시 사고 싶어요~
생선은 조리하기가 너무 귀찮아서 자주 사용하지 않았는데 생각보다 가격이 저렴하고 맛있어서 자주 사용하게 되었습니다	생선 냉장고에 넣으면 포기가 없어서 잘 사용하고 있습니다.Q: 유제품 리뷰A: 유제품은 잘 사용하고 있습니다. 유제품은 가격이 좀 비싼 편이지만, 생각보다 질이 좋아서 만족하고 있습니다.
상품 배송이 늦어서 마지막 생선 구매한지 얼마 안된 상품이었는데요, 아침에 아기 식사를 준비할 때 갑작스럽게 한입에 먹게 되는거 아닌가 하는 생각으로 구매했었습니다	그리고 상품이 배송되었을 때도 박스 안에서 애매한 상태로 드러났었습니다. 제가 구매한 제품은 회계년도가 끝나고 있는 상품으로, 이런 상태로 배송되어서 아침에 식사를 준비하려고 하는데 갑작스럽게 발견해서 구매해야 하는 상황이 되었습니다. 물론 상품 박스를 닫고 바로 냉장고에 넣어두었습니다. 다행히도 상품이 정상적으로 생선 과정을 거쳤어서 연기가 나오지 않는 것 같습니다. 연기가 나면 아침에 식사할 생선이 되지 않을 것 같아서 걱정이 되었기 때문에 좀 안심이 됩니다. 저는 연기가 나지 않는 것으로 판단하여 아침에 식사하고 있습니다. 하지만 박스를 들어보면 상태가 좋지 않은 것 같습니다. 여러 가지 생각을 해보고 싶은 것이 있습니다. 저는 배송 전에 사진을 찍
맛있는 가성비 좋은 생선 입니다	주말에 바지고추와 함께 구워 먹었어요. 여름엔 참치와 샐러드와 함께 먹기 좋을 것 같습니다. 요리법 참고해서 만들어 보고 싶습니다.Q:오징어 리뷰 A:맛있고 양질의 오징어를 받았습니다. 요리법 참고해서 만들어 보고 싶습니다.
어머니가 우리집에 종종 가져오는 생선 중에서 좋아하는 생선이 없어서 생선은 종종 안 사먹어요	그런데 어머니가 이번에 생선을 사오고 왔는데, 이 생선은 정말 맛있어요. 고기도 많고, 속이 맑고, 맛있어요. 저는 이 생선을 사온 후 바로 먹어봤어요. 집에서 생선은 종종 안 사먹어요. 그런데 이 생선은 정말 맛있어요. 고기도 많고, 속이 맑고, 맛있어요. 저는 이 생선을 사온 후 바로 먹어봤어요. 집에서 생선은 종종 안 사먹어요. 그런데 이 생선은 정말 맛있어요. 고기도 많고, 속이 맑고, 맛있어요. 저는 이 생선을 사온 후 바로 먹어봤어요.
생선은 좋아하지만 상추가 그렇게 많아서 좀 심하게 배가 고프다	다른 생선에 비해 좋은 점은 김이 만족스러웠다. 생선 구이라면 반드시 김이 들어가야 하는데, 이 상품의 김이는 맛있었다. 생선의 맛을 잘 느끼고 있었다. 그래도 좀 아쉽게도 상추가 너무 많아서 좀 아쉽다.	A: 아주 만족스러운 제품이에요! 생선 구이에서 가장 중요한 것은 김이죠. 이 상품의 김이는 맛있었다. 생선의 맛을 잘 느끼고 있었다. 그래도 좀 아쉽게도 상추가 너무 많아서 좀 아쉽다.
